"id","headword","partOfSpeech","acceptedSpellings","thai","thPos","zh","pinyin","zhPos","fr","frPos","frGender","definition","synonyms","examples","collocations","family","topic","level","source","awlSublist","awlHeadword","aliases","confusables","commonMisspellings","stress","paraphraseSentence","paraphrasePhrase","paraphraseWord","review"
"ability","ability","n","ability","ความสามารถ","","能力","nénglì","n","capacité","n","f","the power or skill to do something","skill | capacity | talent","Reading ability varies greatly among pupils. | Many families are unable to afford healthy food.","ability to | reading ability | natural ability","able (adj) | unable (adj) | inability (n)","General Academic","1","Topic","","","","","","a-BIL-i-ty","","","",""
"achieve","achieve","v","achieve","บรรลุผล","","实现","shíxiàn","v","atteindre","v","","to succeed in reaching a goal through effort","accomplish | attain | reach","Few countries achieved their emissions targets. | Winning the prize was a remarkable achievement.","achieve a goal | academic achievement | achieve success","achievement (n) | achievable (adj)","General Academic","1","AWL","2","achieve","","","acheive","a-CHIEVE","","","",""
"acquire","acquire","v","acquire","ได้มา/เรียนรู้","","获得","huòdé","v","acquérir","v","","to get or gain something, such as a skill or possession","gain | obtain | pick up","Children acquire language remarkably quickly. | The museum's latest acquisition is a Roman coin.","acquire skills | acquire knowledge | language acquisition","acquisition (n)","General Academic","1","AWL","2","acquire","","","aquire","ac-QUIRE","","","",""
"affect","affect","v","affect","ส่งผลต่อ","","影响","yǐngxiǎng","v","affecter","v","","to cause a change in someone or something","influence | alter | have an impact on","Air pollution affects millions of people. | The areas worst affected by the flood received aid.","directly affect | seriously affected | adversely affect","unaffected (adj)","General Academic","1","AWL","2","affect","","effect","","af-FECT","","","",""
"alternative","alternative","n","alternative","ทางเลือก","","替代方案","tìdài fāng'àn","n","alternative","n","f","something you can choose instead of another thing","option | substitute | choice","Solar power offers a clean alternative to coal. | Alternatively, students can take the exam online.","alternative to | viable alternative | alternative energy","alternatively (adv)","General Academic","1","AWL","3","alternative","","","","al-TER-na-tive","","","",""
"analyse","analyse","v","analyse | analyze","วิเคราะห์","","分析","fēnxī","v","analyser","v","","to examine something in detail in order to understand it","examine | study | break down","Researchers analysed data from more than 2,000 households. | A detailed analysis of the survey revealed clear regional differences.","analyse data | detailed analysis | statistical analysis","analysis (n) | analyst (n) | analytical (adj)","General Academic","1","AWL","1","analyse","","","analize","AN-a-lyse","The results were studied in great detail.","studied in great detail","analysed",""
"approach","approach","n/v","approach","แนวทาง/เข้าใกล้","","方式","fāngshì","n","approche","n","f","a way of dealing with a problem or task","method | strategy | way","The study takes a practical approach to reducing waste. | Governments are approaching the problem from different directions.","take an approach | a different approach | approach a problem","approachable (adj)","General Academic","1","AWL","1","approach","","","","ap-PROACH","Schools need a new way of dealing with bullying.","way of dealing with","approach to",""
"appropriate","appropriate","adj","appropriate","เหมาะสม","","适当","shìdàng","adj","approprié","adj","","suitable for a particular situation","suitable | proper | fitting","Formal language is appropriate for academic essays. | Such comments were considered inappropriate.","appropriate for | take appropriate action | deemed appropriate","appropriately (adv) | inappropriate (adj)","General Academic","1","AWL","2","appropriate","","","","ap-PRO-pri-ate","","","",""
"area","area","n","area","พื้นที่/ขอบเขต","","区域","qūyù","n","zone","n","f","a region of a place, or a field of knowledge","region | zone | field","Rural areas often lack reliable public transport. | Climate science is a rapidly expanding area of research.","rural area | urban area | area of research","","General Academic","1","AWL","1","area","","","","AR-e-a","","","",""
"aspect","aspect","n","aspect","แง่มุม","","方面","fāngmiàn","n","aspect","n","m","one part or feature of a situation or problem","feature | side | facet","Cost is only one aspect of the problem. | The course covers every aspect of hospital management.","every aspect | key aspect | an important aspect","","General Academic","1","AWL","2","aspect","","","","AS-pect","","","",""
"assist","assist","v","assist","ช่วยเหลือ","","协助","xiézhù","v","aider","v","","to help someone do something","help | support | aid","Volunteers assisted with the clean-up. | Financial assistance is available for low-income families.","assist with | financial assistance | teaching assistant","assistance (n) | assistant (n)","General Academic","1","AWL","2","assist","","","","as-SIST","","","",""
"assume","assume","v","assume","สันนิษฐาน","","假设","jiǎshè","v","supposer","v","","to accept something as true without proof","suppose | presume | take for granted","Many economists assume that consumers act rationally. | This assumption was later shown to be false.","assume that | widely assumed | make an assumption","assumption (n)","General Academic","1","AWL","1","assume","","","","as-SUME","The report takes it for granted that prices will rise.","takes it for granted","assumes",""
"available","available","adj","available","มีอยู่/ใช้ได้","","可用","kěyòng","adj","disponible","adj","","able to be obtained or used","accessible | obtainable | on hand","Free counselling is available to all students. | The availability of clean water varies greatly between regions.","readily available | widely available | make available","availability (n) | unavailable (adj)","General Academic","1","AWL","1","available","","","","a-VAIL-a-ble","","","",""
"benefit","benefit","n","benefit","ผลประโยชน์","","益处","yìchù","n","avantage","n","m","an advantage or helpful effect","advantage | gain | profit","Regular exercise has clear benefits for mental health. | Local farmers benefited from the new irrigation scheme.","health benefits | benefit from | mutual benefit","beneficial (adj) | beneficiary (n)","General Academic","1","AWL","1","benefit","","","","BEN-e-fit","Everyone gains something good from cleaner air.","gains something good","benefits",""
"category","category","n","category","หมวดหมู่","","类别","lèibié","n","catégorie","n","f","a group of people or things with the same qualities","class | group | type","Respondents were divided into three age categories. | It is difficult to categorise some plants.","fall into a category | age category | broad category","categorise (v)","General Academic","1","AWL","2","category","","","","CAT-e-go-ry","","","",""
"circumstance","circumstance","n","circumstance","สถานการณ์","","情况","qíngkuàng","n","circonstance","n","f","a fact or condition that affects a situation","situation | condition | context","Under no circumstances should patients stop taking the medicine. | Financial circumstances vary widely among students.","under the circumstances | in certain circumstances | personal circumstances","circumstantial (adj)","General Academic","1","AWL","3","circumstance","","","","CIR-cum-stance","","","",""
"compare","compare","v","compare","เปรียบเทียบ","","比较","bǐjiào","v","comparer","v","","to look at two or more things to see how they are alike or different","contrast | weigh up | measure against","The study compares rural and urban schools. | In comparison with last year, sales have improved.","compare with | compared to | by comparison","comparison (n) | comparative (adj) | comparable (adj)","General Academic","1","Topic","","","","","","com-PARE","","","",""
"complex","complex","adj","complex","ซับซ้อน","","复杂","fùzá","adj","complexe","adj","","made of many connected parts and difficult to understand","complicated | intricate | involved","Climate change is a complex issue. | The complexity of the tax system discourages investment.","highly complex | complex problem | increasingly complex","complexity (n)","General Academic","1","AWL","2","complex","","","","COM-plex","","","",""
"component","component","n","component","ส่วนประกอบ","","组件","zǔjiàn","n","composant","n","m","one of the parts that together make up a machine or system","part | element | piece","Engines contain hundreds of small components. | Listening is a key component of good communication.","key component | essential component | electronic components","","General Academic","1","AWL","3","component","","","","com-PO-nent","","","",""
"concept","concept","n","concept","แนวคิด","","概念","gàiniàn","n","concept","n","m","an idea of what something is or how it works","idea | notion | principle","The concept of sustainable growth is widely debated. | Students struggled with the underlying concepts.","key concept | basic concept | the concept of","conceptual (adj) | conceptualise (v)","General Academic","1","AWL","1","concept","","","","CON-cept","","","",""
"conclude","conclude","v","conclude","สรุป","","得出结论","déchū jiélùn","v","conclure","v","","to decide that something is true after thinking about the facts, or to bring something to an end","deduce | infer | end","The authors conclude that more research is needed. | In conclusion, both policies have clear advantages.","conclude that | reach a conclusion | draw conclusions","conclusion (n) | conclusive (adj) | inconclusive (adj)","General Academic","1","AWL","2","conclude","","","","con-CLUDE","The report ends by saying that fees should fall.","ends by saying","concludes",""
"conduct","conduct","v","conduct","ดำเนินการ","","进行","jìnxíng","v","mener","v","","to organise and carry out an activity such as a study","carry out | perform | run","The survey was conducted by telephone. | The university has a strict code of conduct.","conduct research | conduct a survey | code of conduct","conductor (n)","General Academic","1","AWL","2","conduct","","","","con-DUCT","The team carried out interviews with 300 nurses.","carried out","conducted",""
"consequent","consequent","adj","consequent","ที่ตามมา","","由此产生","yóucǐ chǎnshēng","adj","résultant","adj","","happening as a result of something","resulting | following | ensuing","The factory closed, and the consequent job losses hit the town hard. | Consequently, many families moved away.","consequent rise | as a consequence | serious consequences","consequence (n) | consequently (adv)","General Academic","1","AWL","2","consequent","","subsequent","","CON-se-quent","","","","zh"
"considerable","considerable","adj","considerable","มากพอสมควร","","相当大","xiāngdāng dà","adj","considérable","adj","","large in size, amount or importance","substantial | significant | sizeable","The project required a considerable amount of money. | Living costs have risen considerably since 2020.","considerable amount | considerable effort | vary considerably","considerably (adv)","General Academic","1","AWL","3","considerable","","considerate","","con-SID-er-a-ble","The repairs took a great deal of time.","a great deal of","considerable",""
"consistent","consistent","adj","consistent","สม่ำเสมอ","","一致","yīzhì","adj","cohérent","adj","","always behaving or happening in the same way","steady | regular | uniform","The results were consistent across all three experiments. | The committee consists of twelve elected members.","consistent with | remarkably consistent | consist of","consist (v) | consistency (n) | consistently (adv) | inconsistent (adj)","General Academic","1","AWL","1","consist","consist","constant","","con-SIS-tent","Her performance stayed at the same level all season.","stayed at the same level","was consistent",""
"constant","constant","adj","constant","คงที่","","恒定","héngdìng","adj","constant","adj","","staying the same over time, or happening all the time","continuous | steady | unchanging","The room is kept at a constant temperature. | Technology is constantly changing.","constant temperature | constant pressure | constantly changing","constantly (adv)","General Academic","1","AWL","3","constant","","consistent","","CON-stant","","","",""
"constrain","constrain","v","constrain","จำกัด/บีบบังคับ","","约束","yuēshù","v","contraindre","v","","to limit or control what someone can do","restrict | limit | hinder","Growth has been constrained by a lack of skilled workers. | Time constraints meant only 20 people were interviewed.","financial constraints | time constraints | constrained by","constraint (n)","General Academic","1","AWL","3","constrain","","","","con-STRAIN","","","",""
"context","context","n","context","บริบท","","背景","bèijǐng","n","contexte","n","m","the situation or facts that surround an event and help to explain it","background | setting | circumstances","Historical context is essential for understanding the novel. | Words can change meaning when taken out of context.","in this context | social context | out of context","contextual (adj)","General Academic","1","AWL","1","context","","","","CON-text","","","",""
"contribute","contribute","v","contribute","มีส่วนร่วม","","贡献","gòngxiàn","v","contribuer","v","","to help cause something, or to give money or help to a shared effort","add to | give | play a part in","Poor diet contributes to heart disease. | Volunteers make a valuable contribution to society.","contribute to | make a contribution | significant contribution","contribution (n) | contributor (n)","General Academic","1","AWL","3","contribute","","","","con-TRIB-ute","Stress can play a part in heart disease.","play a part in","contribute to",""
"coordinate","coordinate","v","coordinate | co-ordinate","ประสานงาน","","协调","xiétiáo","v","coordonner","v","","to organise people or activities so that they work together well","organise | manage | harmonise","The charity coordinates relief efforts after disasters. | Better coordination between hospitals could save lives.","coordinate efforts | closely coordinated | project coordinator","coordination (n) | coordinator (n)","General Academic","1","AWL","3","coordinate","","","","co-OR-di-nate","","","",""
"core","core","n","core","แก่นหลัก","","核心","héxīn","n","noyau","n","m","the central or most important part of something","centre | heart | essence","Maths and English are core subjects. | Honesty is at the core of good journalism.","core subjects | core values | at the core of","","General Academic","1","AWL","3","core","","","","CORE","","","",""
"create","create","v","create","สร้างสรรค์","","创造","chuàngzào","v","créer","v","","to make something new exist","produce | generate | form","The scheme aims to create 5,000 new jobs. | Creativity is increasingly valued by employers.","create jobs | create opportunities | job creation","creation (n) | creative (adj) | creativity (n) | creator (n)","General Academic","1","AWL","1","create","","","","cre-ATE","","","",""
"criteria","criteria","n","criteria","เกณฑ์","","标准","biāozhǔn","n","critère","n","m","the standards used for judging or deciding something","standards | measures | benchmarks","Applicants must meet strict criteria. | The main criterion for funding is financial need.","meet the criteria | strict criteria | selection criteria","criterion (n)","General Academic","1","AWL","3","criteria","","","criterias","cri-TE-ri-a","","","",""
"deduce","deduce","v","deduce","อนุมาน","","推断","tuīduàn","v","déduire","v","","to reach an answer by reasoning from the facts you know","infer | conclude | work out","From the evidence, investigators deduced that the fire started at night. | The detective's deduction proved correct.","deduce from | deduce that | logical deduction","deduction (n) | deductive (adj)","General Academic","1","AWL","3","deduce","","","","de-DUCE","","","",""
"define","define","v","define","ให้คำจำกัดความ","","定义","dìngyì","v","définir","v","","to explain the exact meaning of a word or idea","explain | describe | specify","It is difficult to define poverty in a single sentence. | The dictionary definition differs from everyday usage.","clearly defined | define the term | broad definition","definition (n) | redefine (v)","General Academic","1","AWL","1","define","","","","de-FINE","","","",""
"demonstrate","demonstrate","v","demonstrate","แสดงให้เห็น","","证明","zhèngmíng","v","démontrer","v","","to show clearly that something is true, or to show how something works","show | prove | illustrate","The study demonstrates a clear link between sleep and memory. | Thousands joined the demonstration outside parliament.","clearly demonstrate | demonstrate that | peaceful demonstration","demonstration (n) | demonstrator (n)","General Academic","1","AWL","3","demonstrate","","","","DEM-on-strate","The results clearly show that the method works.","show","demonstrate",""
"derive","derive","v","derive","ได้มาจาก","","衍生","yǎnshēng","v","dériver","v","","to get something from a particular source","obtain | draw | originate","Much of the country's electricity is derived from coal. | Many English words derive from Latin.","derive from | derived from | derive benefit","derivation (n) | derivative (n)","General Academic","1","AWL","1","derive","","","","de-RIVE","","","",""
"design","design","v","design","ออกแบบ","","设计","shèjì","v","concevoir","v","","to plan how something will look or work before it is made","plan | devise | create","The building was designed to use less energy. | Good design can make public spaces safer.","designed to | carefully designed | design a system","designer (n)","General Academic","1","AWL","2","design","","","","de-SIGN","","","",""
"develop","develop","v","develop","พัฒนา","","发展","fāzhǎn","v","développer","v","","to grow or change into something more advanced, or to create something new","grow | evolve | expand","The country has developed rapidly since 1990. | Sustainable development is a global priority.","developing countries | develop skills | economic development","development (n) | developer (n) | developmental (adj)","General Academic","1","Topic","","","","","develope","de-VEL-op","","","",""
"discuss","discuss","v","discuss","อภิปราย","","讨论","tǎolùn","v","discuter","v","","to talk or write about a subject, considering different ideas","debate | consider | talk over","The essay discusses the causes of climate change. | The plan is still under discussion.","discuss the issue | under discussion | group discussion","discussion (n)","General Academic","1","Topic","","","","","","dis-CUSS","","","",""
"distinct","distinct","adj","distinct","แตกต่างชัดเจน","","截然不同","jiérán bùtóng","adj","distinct","adj","","clearly different or separate from something else","separate | different | clear","The report identifies two distinct groups of users. | There is a clear distinction between weather and climate.","distinct from | a clear distinction | distinctive style","distinction (n) | distinctive (adj) | distinctly (adv)","General Academic","1","AWL","2","distinct","","","","dis-TINCT","","","",""
"dominate","dominate","v","dominate","ครอบงำ","","主导","zhǔdǎo","v","dominer","v","","to have power or control over others, or to be the most important part","control | rule | prevail","A few large companies dominate the market. | English remains the dominant language of science.","dominate the market | male-dominated | dominant role","dominant (adj) | dominance (n) | domination (n)","General Academic","1","AWL","3","dominate","","","","DOM-i-nate","A few firms control the market.","control","dominate",""
"effect","effect","n","effect","ผลลัพธ์","","效果","xiàoguǒ","n","effet","n","m","a change that is caused by something","result | consequence | impact","The medicine had no serious side effects. | Online teaching can be just as effective as classroom lessons.","have an effect on | side effect | take effect","effective (adj) | effectively (adv) | effectiveness (n) | ineffective (adj)","General Academic","1","Topic","","","","affect","","ef-FECT","","","",""
"element","element","n","element","องค์ประกอบ","","要素","yàosù","n","élément","n","m","a basic part of something larger","component | part | factor","Trust is a key element of any relationship. | The course has a strong practical element.","key element | an element of risk | essential element","","General Academic","1","AWL","2","element","","","","EL-e-ment","","","",""
"emphasis","emphasis","n","emphasis","การเน้นย้ำ","","强调","qiángdiào","n","accent","n","m","special importance or attention given to something","stress | focus | priority","The new curriculum places greater emphasis on practical skills. | The report emphasises the need for early action.","place emphasis on | strong emphasis | emphasise the importance","emphasise (v) | emphatic (adj)","General Academic","1","AWL","3","emphasis","","","","EM-pha-sis","","","",""
"encourage","encourage","v","encourage","สนับสนุน/ให้กำลังใจ","","鼓励","gǔlì","v","encourager","v","","to give someone confidence or support to do something","support | motivate | inspire","Teachers should encourage students to ask questions. | Tax breaks encourage investment in green energy.","encourage someone to | strongly encourage | encourage growth","encouragement (n)","General Academic","1","Topic","","","","","","en-COUR-age","","","",""
"ensure","ensure","v","ensure","ทำให้แน่ใจ","","确保","quèbǎo","v","assurer","v","","to make certain that something happens or is done","guarantee | make sure | secure","Schools must ensure that children are safe. | Regular checks ensure that the water remains clean.","ensure that | ensure safety | help ensure","","General Academic","1","AWL","3","ensure","","insure","","en-SURE","Staff must make sure that every door is locked.","make sure","ensure",""
"equal","equal","adj","equal","เท่าเทียม","","平等","píngděng","adj","égal","adj","","the same in size, number, value or rank","same | identical | equivalent","Men and women should receive equal pay. | Inequality between rich and poor is growing.","equal opportunities | equal pay | social equality","equality (n) | equally (adv) | inequality (n) | unequal (adj)","General Academic","1","Topic","","","","equate","","E-qual","","","",""
"equate","equate","v","equate","ถือว่าเท่ากัน","","等同","děngtóng","v","assimiler","v","","to consider one thing as the same as another","associate | link | identify with","Many people equate success with wealth. | The equation shows how speed and distance are linked.","equate with | equate to | a simple equation","equation (n)","General Academic","1","AWL","2","equate","","equal","","e-QUATE","","","",""
"establish","establish","v","establish","ก่อตั้ง","","建立","jiànlì","v","établir","v","","to set up an organisation or system that is meant to last","found | set up | create","The university was established in 1905. | Researchers have established a link between diet and memory.","establish a link | well established | establish a company","establishment (n)","General Academic","1","AWL","1","establish","","","","es-TAB-lish","","","",""
"estimate","estimate","v","estimate","ประมาณการ","","估计","gūjì","v","estimer","v","","to judge a number or amount roughly using the information you have","calculate | approximate | gauge","Experts estimate that the population will double by 2050. | Early estimates of the damage proved far too low.","rough estimate | conservative estimate | it is estimated that","estimation (n) | underestimate (v) | overestimate (v)","General Academic","1","AWL","1","estimate","","","","ES-ti-mate","","","",""
"evaluate","evaluate","v","evaluate","ประเมินค่า","","评价","píngjià","v","évaluer","v","","to judge how good, useful or successful something is","assess | judge | appraise","Teachers evaluate each project against clear criteria. | An independent evaluation of the programme is under way.","evaluate the effectiveness | critically evaluate | carry out an evaluation","evaluation (n)","General Academic","1","AWL","2","evaluate","","","","e-VAL-u-ate","Inspectors will judge how well the scheme works.","judge","evaluate",""
"evidence","evidence","n","evidence","หลักฐาน","","证据","zhèngjù","n","preuve","n","f","facts or signs that show whether something is true","proof | data | grounds","There is little evidence that the policy reduced crime. | It was evident from the figures that sales were falling.","strong evidence | evidence suggests | provide evidence","evident (adj) | evidently (adv)","General Academic","1","AWL","1","evident","","","","EV-i-dence","There is no proof that the drug works.","proof","evidence",""
"examine","examine","v","examine","ตรวจสอบ","","检查","jiǎnchá","v","examiner","v","","to look at or consider something carefully in order to learn more","inspect | study | investigate","The committee will examine the evidence. | All candidates sit a written examination.","examine closely | examine the evidence | medical examination","examination (n) | examiner (n)","General Academic","1","Topic","","","","","","ex-AM-ine","The panel will look closely at the evidence.","look closely at","examine",""
"example","example","n","example","ตัวอย่าง","","例子","lìzi","n","exemple","n","m","something typical of its kind, used to show what others are like","instance | case | illustration","Norway is often given as an example of good planning. | For example, many students work while studying.","for example | a good example | set an example","","General Academic","1","Topic","","","","","","ex-AM-ple","","","",""
"exclude","exclude","v","exclude","กีดกันออก","","排除","páichú","v","exclure","v","","to deliberately leave out or keep out someone or something","omit | leave out | bar","Children from poor families are often excluded from sport. | The figures exclude part-time workers.","exclude from | social exclusion | exclusively for","exclusion (n) | exclusive (adj) | exclusively (adv)","General Academic","1","AWL","3","exclude","","","","ex-CLUDE","The figures leave out part-time workers.","leave out","exclude",""
"explain","explain","v","explain","อธิบาย","","解释","jiěshì","v","expliquer","v","","to make something clear by describing it in more detail or giving reasons","describe | clarify | account for","The teacher explained the rules of the experiment. | There is no simple explanation for the decline.","explain why | a possible explanation | partly explain","explanation (n) | explanatory (adj)","General Academic","1","Topic","","","","","","ex-PLAIN","","","",""
"factor","factor","n","factor","ปัจจัย","","因素","yīnsù","n","facteur","n","m","one of several things that cause or influence a result","element | cause | influence","Cost is a major factor in choosing a university. | Several factors contributed to the decline in bird numbers.","key factor | contributing factor | risk factor","","General Academic","1","AWL","1","factor","","","","FAC-tor","","","",""
"feature","feature","n","feature","ลักษณะเด่น","","特征","tèzhēng","n","caractéristique","n","f","an important or typical part or quality of something","characteristic | trait | quality","A key feature of the city is its green spaces. | The exhibition features works by local artists.","key feature | common feature | distinctive feature","","General Academic","1","AWL","2","feature","","","","FEA-ture","","","",""
"final","final","adj","final","สุดท้าย","","最终","zuìzhōng","adj","final","adj","","coming at the end; last","last | closing | ultimate","The final report will be published in June. | The details were finalised after months of talks.","final stage | final decision | finally agreed","finally (adv) | finalise (v)","General Academic","1","AWL","2","final","","","","FI-nal","","","",""
"focus","focus","n/v","focus","จุดสนใจ/มุ่งเน้น","","焦点","jiāodiǎn","n","se concentrer","v","","to give most of your attention to one thing","concentrate | centre | emphasise","The study focuses on young adults. | The main focus of the debate was cost.","focus on | main focus | sharp focus","refocus (v)","General Academic","1","AWL","2","focus","","","","FO-cus","","","",""
"framework","framework","n","framework","กรอบโครงสร้าง","","框架","kuàngjià","n","cadre","n","m","a set of ideas or rules used to organise or support something","structure | system | basis","The law provides a framework for protecting wildlife. | Researchers developed a theoretical framework for the study.","legal framework | theoretical framework | within the framework of","","General Academic","1","AWL","3","framework","","","","FRAME-work","","","",""
"function","function","n/v","function","หน้าที่/ทำงาน","","功能","gōngnéng","n","fonction","n","f","the purpose or job that something has","purpose | role | operate","The main function of the kidneys is to filter blood. | The new system is functioning well.","main function | perform a function | function properly","functional (adj)","General Academic","1","AWL","1","function","","","","FUNC-tion","","","",""
"identify","identify","v","identify","ระบุ","","识别","shíbié","v","identifier","v","","to recognise and name someone or something","recognise | pinpoint | detect","The study identified three main causes of stress. | Identification of the problem is the first step.","identify the cause | clearly identified | identify with","identification (n) | identity (n) | identifiable (adj)","General Academic","1","AWL","1","identify","","","","i-DEN-ti-fy","","","",""
"illustrate","illustrate","v","illustrate","ยกตัวอย่างประกอบ","","举例说明","jǔlì shuōmíng","v","illustrer","v","","to make something clear by giving examples or pictures","show | demonstrate | exemplify","The chart illustrates the rise in housing costs. | The book contains over 200 illustrations.","illustrate the point | clearly illustrates | as illustrated","illustration (n) | illustrative (adj)","General Academic","1","AWL","3","illustrate","","","","IL-lus-trate","This case shows how quickly prices can change.","shows","illustrates",""
"impact","impact","n","impact","ผลกระทบ","","冲击","chōngjī","n","impact","n","m","a strong effect that something has on a situation or person","effect | influence | consequence","Tourism has a major impact on the local economy. | Rising prices have impacted poorer households most.","have an impact on | environmental impact | negative impact","","General Academic","1","AWL","2","impact","","","","IM-pact","","","",""
"imply","imply","v","imply","บอกเป็นนัย","","暗示","ànshì","v","sous-entendre","v","","to suggest something without saying it directly","suggest | hint | indicate","The results imply that the drug is safe for children. | Her silence implied agreement.","imply that | strongly imply | clearly implied","","General Academic","1","AWL","3","imply","","infer","","im-PLY","The findings suggest that the policy has failed.","suggest","imply",""
"improve","improve","v","improve","ปรับปรุง","","改善","gǎishàn","v","améliorer","v","","to become better or to make something better","enhance | upgrade | better","Air quality has improved since the new rules came in. | There has been a marked improvement in exam results.","improve quality | greatly improved | room for improvement","improvement (n)","General Academic","1","Topic","","","","","","im-PROVE","Test scores have got better since 2019.","got better","improved",""
"include","include","v","include","รวมถึง","","包括","bāokuò","v","inclure","v","","to contain something as a part of the whole","contain | comprise | incorporate","The price includes breakfast. | Schools are becoming more inclusive of disabled pupils.","include in | including tax | social inclusion","inclusion (n) | inclusive (adj)","General Academic","1","Topic","","","","","","in-CLUDE","","","",""
"increase","increase","v","increase","เพิ่มขึ้น","","增加","zēngjiā","v","augmenter","v","","to become larger in amount or number","rise | grow | expand","The population increased by ten per cent. | Cities are becoming increasingly crowded.","increase sharply | a steady increase | increasingly popular","increasingly (adv)","General Academic","1","Topic","","","","","","in-CREASE","House prices went up by ten per cent.","went up","increased",""
"indicate","indicate","v","indicate","บ่งชี้","","表明","biǎomíng","v","indiquer","v","","to show or point to something","show | suggest | signal","The figures indicate a sharp rise in unemployment. | Falling sales are an indication of weak demand.","indicate that | clearly indicate | an indication of","indication (n) | indicator (n) | indicative (adj)","General Academic","1","AWL","1","indicate","","","","IN-di-cate","The data point to a rise in obesity.","point to","indicate",""
"influence","influence","n","influence","อิทธิพล","","影响力","yǐngxiǎnglì","n","influence","n","f","the power to change how someone behaves or thinks","effect | impact | power","Parents have a strong influence on their children's habits. | She was one of the most influential scientists of her time.","strong influence | under the influence of | highly influential","influential (adj)","General Academic","1","Topic","","","","","","IN-flu-ence","","","",""
"initial","initial","adj","initial","เริ่มแรก","","最初","zuìchū","adj","initial","adj","","happening at the beginning","first | early | opening","Initial results suggest the treatment works. | The scheme was initially funded by a charity.","initial stage | initial results | initially planned","initially (adv)","General Academic","1","AWL","3","initial","","","","in-I-tial","","","",""
"instance","instance","n","instance","กรณีตัวอย่าง","","实例","shílì","n","cas","n","m","a particular case or example of something","case | example | occurrence","There were several instances of cheating in the exam. | Some cities, for instance, have banned cars from the centre.","for instance | in this instance | isolated instance","","General Academic","1","AWL","3","instance","","","","IN-stance","","","",""
"interpret","interpret","v","interpret","ตีความ","","解读","jiědú","v","interpréter","v","","to explain or decide what something means","explain | understand | read","Scientists interpreted the results in different ways. | Each reader brings a personal interpretation to the poem.","interpret the results | open to interpretation | widely interpreted","interpretation (n) | interpreter (n) | misinterpret (v)","General Academic","1","AWL","1","interpret","","","","in-TER-pret","","","",""
"involve","involve","v","involve","เกี่ยวข้อง","","涉及","shèjí","v","impliquer","v","","to include something as a necessary part","include | entail | require","The project involves collecting data from forty schools. | Parental involvement improves children's reading.","be involved in | involve risk | active involvement","involvement (n)","General Academic","1","AWL","1","involve","","","","in-VOLVE","","","",""
"issue","issue","n","issue","ประเด็น","","议题","yìtí","n","question","n","f","an important topic that people discuss or argue about","matter | topic | question","Climate change is a global issue. | The ministry issued new guidelines last month.","key issue | raise an issue | address an issue","","General Academic","1","AWL","1","issue","","","","IS-sue","","","",""
"item","item","n","item","รายการ/สิ่งของ","","项目","xiàngmù","n","article","n","m","a single thing in a list or group","object | article | entry","Food is the largest item in most household budgets. | The bill was itemised to show every charge.","item on the agenda | single item | news item","itemise (v)","General Academic","1","AWL","2","item","","","","I-tem","","","",""
"justify","justify","v","justify","ให้เหตุผลสนับสนุน","","证明合理","zhèngmíng hélǐ","v","justifier","v","","to give good reasons for a decision or action","defend | explain | warrant","The minister struggled to justify the cost of the project. | There is no justification for such violence.","justify the cost | fully justified | no justification","justification (n) | justifiable (adj) | unjustified (adj)","General Academic","1","AWL","3","justify","","","","JUS-ti-fy","","","",""
"layer","layer","n","layer","ชั้น","","层","céng","n","couche","n","f","a flat sheet of material that covers a surface or lies between others","level | coating | sheet","A thin layer of dust covered the desks. | The ozone layer protects the earth from harmful rays.","ozone layer | thin layer | outer layer","","General Academic","1","AWL","3","layer","","","","LAY-er","","","",""
"limit","limit","n","limit","ขีดจำกัด","","限度","xiàndù","n","limite","n","f","the greatest amount or level that is allowed or possible","restriction | maximum | boundary","There is a limit to how much waste the planet can absorb. | The study has several limitations.","speed limit | set a limit | within limits","limitation (n) | unlimited (adj)","General Academic","1","Topic","","","","","","LIM-it","","","",""
"link","link","n","link","ความเชื่อมโยง","","联系","liánxì","n","lien","n","m","a connection between two things","connection | relationship | tie","Scientists have found a link between noise and stress. | The two cities are linked by a fast railway.","a direct link | closely linked | link between","linkage (n)","General Academic","1","AWL","3","link","","","","LINK","","","",""
"locate","locate","v","locate","ระบุตำแหน่ง/ตั้งอยู่","","定位","dìngwèi","v","localiser","v","","to find where something is, or to put something in a particular place","find | place | situate","The factory is located near the port. | Rescue teams located the missing climbers within hours.","located in | conveniently located | exact location","location (n) | relocate (v)","General Academic","1","AWL","3","locate","","","","lo-CATE","The hotel is situated close to the station.","situated","located",""
"maintain","maintain","v","maintain","รักษาไว้","","维持","wéichí","v","maintenir","v","","to keep something at the same level or in good condition","preserve | sustain | keep up","Regular exercise helps people maintain a healthy weight. | Road maintenance costs have doubled.","maintain standards | maintain a balance | regular maintenance","maintenance (n)","General Academic","1","AWL","2","maintain","","","maintian","main-TAIN","It is hard to keep up high standards on a small budget.","keep up","maintain",""
"major","major","adj","major","สำคัญ/หลัก","","主要","zhǔyào","adj","majeur","adj","","very large or important","main | significant | principal","Traffic is a major cause of urban pollution. | The majority of respondents supported the plan.","major role | major problem | the vast majority","majority (n)","General Academic","1","AWL","1","major","","","","MA-jor","","","",""
"maximise","maximise","v","maximise | maximize","ทำให้มากที่สุด","","最大化","zuìdàhuà","v","maximiser","v","","to make something as large or great as possible","increase | boost | optimise","Farmers use fertiliser to maximise yields. | The hall holds a maximum of 300 people.","maximise profits | maximum capacity | maximise the benefits","maximum (n) | maximisation (n)","General Academic","1","AWL","3","maximise","","minimise","","MAX-i-mise","","","",""
"method","method","n","method","วิธีการ","","方法","fāngfǎ","n","méthode","n","f","a particular way of doing something","technique | procedure | approach","The researchers used a new method to measure pollution. | The study was criticised for its weak methodology.","research method | teaching method | scientific method","methodology (n) | methodical (adj)","General Academic","1","AWL","1","method","","","","METH-od","","","",""
"minor","minor","adj","minor","เล็กน้อย","","次要","cìyào","adj","mineur","adj","","small or not very important","small | slight | trivial","The change had only a minor effect on sales. | Ethnic minorities are under-represented in parliament.","minor changes | minor injuries | ethnic minority","minority (n)","General Academic","1","AWL","3","minor","","","","MI-nor","","","",""
"negate","negate","v","negate","ทำให้เป็นโมฆะ","","否定","fǒudìng","v","annuler","v","","to cancel out or destroy the effect of something","cancel | undo | nullify","Poor maintenance can negate the benefits of new equipment. | The scheme had a negative impact on small shops.","negate the effect | negative impact | negatively affected","negative (adj) | negatively (adv) | negation (n)","General Academic","1","AWL","3","negate","","","","ne-GATE","","","",""
"normal","normal","adj","normal","ปกติ","","正常","zhèngcháng","adj","normal","adj","","usual, ordinary or expected","usual | ordinary | typical","Temperatures were above normal for the time of year. | Normally, the journey takes two hours.","back to normal | normal conditions | perfectly normal","normally (adv) | normalise (v) | abnormal (adj)","General Academic","1","AWL","2","normal","","","","NOR-mal","","","",""
"obtain","obtain","v","obtain","ได้รับ","","取得","qǔdé","v","obtenir","v","","to get something, often with effort","acquire | gain | get","Permission must be obtained before filming. | Reliable data were difficult to obtain.","obtain permission | obtain information | difficult to obtain","obtainable (adj)","General Academic","1","AWL","2","obtain","","","","ob-TAIN","Visitors must get permission before taking photographs.","get","obtain",""
"occur","occur","v","occur","เกิดขึ้น","","发生","fāshēng","v","se produire","v","","to happen, especially without being planned","happen | arise | take place","Most accidents occur within a mile of home. | The occurrence of floods has increased in recent years.","occur naturally | frequently occur | the occurrence of","occurrence (n)","General Academic","1","AWL","1","occur","","","occured | occurance","oc-CUR","Power cuts happen most often in winter.","happen","occur",""
"opportunity","opportunity","n","opportunity","โอกาส","","机会","jīhuì","n","occasion","n","f","a situation that makes it possible to do something you want","chance | opening | possibility","The internship gave her the opportunity to gain experience. | Equal opportunities for all are a key aim.","equal opportunities | take the opportunity | job opportunities","","General Academic","1","Topic","","","","","oppurtunity","op-por-TU-ni-ty","","","",""
"organize","organise","v","organise | organize","จัดระเบียบ","","组织","zǔzhī","v","organiser","v","","to arrange or plan something carefully","arrange | plan | coordinate","Volunteers organised a clean-up of the park. | Charitable organisations provide vital support.","well organised | organise an event | non-profit organisation","organisation (n) | organiser (n) | organisational (adj)","General Academic","1","Topic","","","","","","OR-gan-ise","","","",""
"outcome","outcome","n","outcome","ผลที่ออกมา","","结果","jiéguǒ","n","résultat","n","m","the final result of a process or activity","result | consequence | end","The outcome of the election surprised everyone. | Patients who are treated early have better outcomes.","final outcome | positive outcome | learning outcomes","","General Academic","1","AWL","3","outcome","","","","OUT-come","The result of the vote surprised everyone.","result","outcome",""
"percent","per cent","n","per cent | percent","เปอร์เซ็นต์","","百分比","bǎifēnbǐ","n","pourcentage","n","m","one part in every hundred","per hundred | proportion | rate","Unemployment fell by two per cent last year. | A high percentage of graduates find work within six months.","per cent of | a high percentage | percentage point","percentage (n)","General Academic","1","AWL","1","percent","","","","per-CENT","","","",""
"perceive","perceive","v","perceive","รับรู้/มองว่า","","感知","gǎnzhī","v","percevoir","v","","to notice something, or to understand it in a particular way","see | regard | notice","Teachers are often perceived as role models. | Public perception of the risk has changed.","widely perceived | perceived as | public perception","perception (n) | perceptive (adj)","General Academic","1","AWL","2","perceive","","","percieve","per-CEIVE","Many people see nurses as heroes.","see","perceive",""
"period","period","n","period","ช่วงเวลา","","时期","shíqī","n","période","n","f","a length of time","span | phase | era","The survey covered a period of ten years. | Prices have been reviewed periodically since 2010.","over a period of | trial period | period of time","periodic (adj) | periodically (adv)","General Academic","1","AWL","1","period","","","","PE-ri-od","","","",""
"positive","positive","adj","positive","ในเชิงบวก","","积极","jījí","adj","positif","adj","","hopeful or confident, or showing good results","optimistic | favourable | constructive","The new rules have had a positive effect on attendance. | Most visitors responded positively to the changes.","positive effect | positive attitude | remain positive","positively (adv)","General Academic","1","AWL","2","positive","","","","POS-i-tive","","","",""
"potential","potential","n/adj","potential","ที่อาจเกิดขึ้น/ศักยภาพ","","潜力","qiánlì","n","potentiel","n/adj","m","possible in the future, or the ability to develop into something","possible | likely | capability","Scientists warned of the potential risks. | Every child has the potential to succeed.","potential risk | full potential | potentially dangerous","potentially (adv)","General Academic","1","AWL","2","potential","","","","po-TEN-tial","","","",""
"previous","previous","adj","previous","ก่อนหน้า","","先前","xiānqián","adj","précédent","adj","","happening or existing before the present one","earlier | prior | former","Sales were higher than in the previous year. | The site was previously used as a factory.","previous year | previous studies | previously unknown","previously (adv)","General Academic","1","AWL","2","previous","","","","PRE-vi-ous","","","",""
"primary","primary","adj","primary","หลัก/ขั้นแรก","","首要","shǒuyào","adj","primordial","adj","","most important, or coming first","main | chief | principal","The primary cause of the fire was faulty wiring. | The programme is primarily aimed at school leavers.","primary school | primary source | primarily responsible","primarily (adv)","General Academic","1","AWL","2","primary","","","","PRI-ma-ry","","","",""
"principle","principle","n","principle","หลักการ","","原则","yuánzé","n","principe","n","m","a basic rule or belief that guides behaviour or explains how something works","rule | standard | belief","The school is run on democratic principles. | In principle, everyone agrees that education should be free.","basic principle | in principle | guiding principle","principled (adj)","General Academic","1","AWL","1","principle","","principal","","PRIN-ci-ple","","","",""
"proceed","proceed","v","proceed","ดำเนินต่อไป","","继续进行","jìxù jìnxíng","v","poursuivre","v","","to continue with an activity, or to move forward","continue | advance | go ahead","The project will proceed once funding is confirmed. | The procedure takes about twenty minutes.","proceed with | legal proceedings | standard procedure","procedure (n) | proceedings (n) | procedural (adj)","General Academic","1","AWL","1","proceed","","precede","procede","pro-CEED","","","",""
"process","process","n","process","กระบวนการ","","过程","guòchéng","n","processus","n","m","a series of actions taken to achieve a result","procedure | system | operation","Learning a language is a slow process. | The factory processes two tonnes of waste a day.","the process of | decision-making process | in the process","","General Academic","1","AWL","1","process","","","","PRO-cess","","","",""
"produce","produce","v","produce","ผลิต","","生产","shēngchǎn","v","produire","v","","to make or grow something, often in large amounts","make | manufacture | generate","The region produces most of the country's rice. | Productivity has risen thanks to new technology.","produce goods | mass production | highly productive","product (n) | production (n) | productive (adj) | productivity (n) | producer (n)","General Academic","1","Topic","","","","","","pro-DUCE","","","",""
"proportion","proportion","n","proportion","สัดส่วน","","比例","bǐlì","n","proportion","n","f","a part of a whole, or the relationship in size between two things","share | percentage | ratio","A large proportion of students work part-time. | Spending on health has risen in proportion to the population.","a large proportion | in proportion to | out of proportion","proportional (adj) | disproportionate (adj)","General Academic","1","AWL","3","proportion","","","","pro-POR-tion","A large share of the budget goes on salaries.","share","proportion",""
"provide","provide","v","provide","จัดหาให้","","提供","tígōng","v","fournir","v","","to give something that is needed or make it ready for use","supply | offer | give","The school provides free meals for poorer pupils. | The provision of clean water is a basic right.","provide support | provide information | service provider","provision (n) | provider (n)","General Academic","1","Topic","","","","","","pro-VIDE","The charity gives shelter to homeless families.","gives","provides",""
"purpose","purpose","n","purpose","จุดประสงค์","","目的","mùdì","n","but","n","m","the reason why something is done or made","aim | goal | intention","The purpose of the study was to measure noise levels. | The building is used for educational purposes.","main purpose | for the purpose of | serve a purpose","purposeful (adj) | purposely (adv)","General Academic","1","Topic","","","","","","PUR-pose","The aim of the survey was to measure noise levels.","aim","purpose",""
"quality","quality","n","quality","คุณภาพ","","质量","zhìliàng","n","qualité","n","f","how good or bad something is","standard | grade | value","The quality of teaching varies between schools. | High-quality research requires proper funding.","high quality | quality of life | improve quality","","General Academic","1","Topic","","","","","","QUAL-i-ty","","","",""
"range","range","n","range","ช่วง/ความหลากหลาย","","范围","fànwéi","n","gamme","n","f","a set of different things of the same general type, or the limits between which something varies","variety | spread | scope","The shop sells a wide range of products. | Prices range from ten to fifty pounds.","a wide range of | age range | range from","","General Academic","1","AWL","2","range","","","","RANGE","","","",""
"react","react","v","react","ทำปฏิกิริยา/ตอบโต้","","反应","fǎnyìng","v","réagir","v","","to behave in a particular way because of something that has happened","respond | answer | behave","Investors reacted nervously to the news. | Public reaction to the plan was mixed.","react to | mixed reaction | chemical reaction","reaction (n) | reactive (adj) | reactor (n)","General Academic","1","AWL","3","react","","","","re-ACT","","","",""
"reduce","reduce","v","reduce","ลดลง","","减少","jiǎnshǎo","v","réduire","v","","to make something smaller in size, amount or degree","decrease | cut | lower","Cycling to work reduces carbon emissions. | The plan aims at a 30 per cent reduction in waste.","reduce costs | significantly reduce | reduce the risk","reduction (n)","General Academic","1","Topic","","","","","","re-DUCE","The new law aims to cut pollution in cities.","cut","reduce",""
"region","region","n","region","ภูมิภาค","","地区","dìqū","n","région","n","f","a large area of a country or of the world","area | zone | district","Rainfall is heavy in the northern region. | There are large regional differences in income.","coastal region | regional differences | in the region of","regional (adj) | regionally (adv)","General Academic","1","AWL","2","region","","","","RE-gion","","","",""
"register","register","v","register","ลงทะเบียน","","登记","dēngjì","v","inscrire","v","","to put a name on an official list","enrol | sign up | record","All students must register before the course begins. | Online registration closes on Friday.","register for | registered charity | voter registration","registration (n)","General Academic","1","AWL","3","register","","","","REG-is-ter","","","",""
"relevant","relevant","adj","relevant","ตรงประเด็น","","相关","xiāngguān","adj","pertinent","adj","","closely connected to the subject being discussed","pertinent | applicable | related","Only relevant information should be included in the summary. | Critics questioned the relevance of the research.","relevant to | highly relevant | relevant information","relevance (n) | irrelevant (adj)","General Academic","1","AWL","2","relevant","","","relevent","REL-e-vant","Only include details connected to the question.","connected to","relevant to",""
"rely","rely","v","rely","พึ่งพา","","依赖","yīlài","v","dépendre","v","","to need or trust someone or something for support","depend | count on | trust","Many villages rely on tourism for income. | Public transport in the area is cheap but unreliable.","rely on | heavily reliant | reliable data","reliable (adj) | reliant (adj) | reliance (n) | reliability (n) | unreliable (adj)","General Academic","1","AWL","3","rely","","","","re-LY","Many farmers depend on seasonal rain.","depend on","rely on",""
"remove","remove","v","remove","นำออก/ขจัด","","移除","yíchú","v","retirer","v","","to take something away from a place","take away | eliminate | extract","The council removed the statue from the square. | Waste removal is expensive in rural areas.","remove from | remove barriers | waste removal","removal (n)","General Academic","1","AWL","3","remove","","","","re-MOVE","","","",""
"require","require","v","require","ต้องการ/จำเป็น","","需要","xūyào","v","exiger","v","","to need something, or to make it necessary","need | demand | call for","All visitors are required to sign in. | Entry requirements vary between universities.","require that | legally required | meet the requirements","requirement (n)","General Academic","1","AWL","1","require","","","","re-QUIRE","","","",""
"respond","respond","v","respond","ตอบสนอง","","回应","huíyìng","v","répondre","v","","to react to something that has been said or done","reply | react | answer","Only half of the people surveyed responded. | The government's response to the crisis was slow.","respond to | a quick response | in response to","response (n) | respondent (n) | responsive (adj)","General Academic","1","AWL","1","respond","","","","re-SPOND","","","",""
"restrict","restrict","v","restrict","จำกัด/ควบคุม","","限制","xiànzhì","v","restreindre","v","","to keep something within a certain size, amount or area","limit | control | constrain","The new law restricts the sale of alcohol. | Travel restrictions were lifted in March.","restrict access | strict restrictions | severely restricted","restriction (n) | restrictive (adj) | unrestricted (adj)","General Academic","1","AWL","2","restrict","","","","re-STRICT","The city limits the number of cars in the centre.","limits","restricts",""
"scheme","scheme","n","scheme","แผนงาน","","方案","fāng'àn","n","programme","n","m","an official plan for achieving something or providing a service","plan | programme | project","The government launched a recycling scheme. | A pension scheme helps workers save for retirement.","pilot scheme | pension scheme | launch a scheme","","General Academic","1","AWL","3","scheme","","","","SCHEME","","","",""
"section","section","n","section","ส่วน/ตอน","","部分","bùfen","n","section","n","f","one of the parts that something is divided into","part | segment | division","The final section of the report discusses costs. | The building was sectioned off after the fire.","section of | final section | a section of the report","","General Academic","1","AWL","1","section","","","","SEC-tion","","","",""
"seek","seek","v","seek","แสวงหา","","寻求","xúnqiú","v","chercher","v","","to try to find or get something","look for | pursue | search for","Many graduates seek work abroad. | Patients are increasingly seeking advice online.","seek advice | seek help | seek to","","General Academic","1","AWL","2","seek","","","","SEEK","Many young people look for work in the capital.","look for","seek",""
"select","select","v","select","คัดเลือก","","挑选","tiāoxuǎn","v","sélectionner","v","","to choose something carefully from a group","choose | pick | opt for","Participants were selected at random. | The final selection was made by a panel of judges.","carefully selected | select from | natural selection","selection (n) | selective (adj)","General Academic","1","AWL","2","select","","","","se-LECT","","","",""
"sequence","sequence","n","sequence","ลำดับ","","顺序","shùnxù","n","séquence","n","f","a set of related events or things in a particular order","order | succession | chain","The sequence of events is still unclear. | Tasks should be completed sequentially.","sequence of events | in sequence | logical sequence","sequential (adj) | sequentially (adv)","General Academic","1","AWL","3","sequence","","","","SE-quence","","","",""
"shift","shift","n","shift","การเปลี่ยนแปลง/กะทำงาน","","转变","zhuǎnbiàn","n","changement","n","m","a change in position, direction or opinion; also a set period of work","change | move | transition","There has been a shift towards online shopping. | Nurses often work night shifts.","a shift towards | major shift | night shift","","General Academic","1","AWL","3","shift","","","","SHIFT","","","",""
"significant","significant","adj","significant","มีนัยสำคัญ","","显著","xiǎnzhù","adj","significatif","adj","","large or important enough to have an effect or be noticed","important | notable | considerable","There has been a significant increase in online learning. | The significance of the discovery was not understood at first.","significant increase | statistically significant | play a significant role","significance (n) | significantly (adv) | insignificant (adj)","General Academic","1","AWL","1","significant","","","","sig-NIF-i-cant","There was a large and important change in public opinion.","large and important","significant",""
"similar","similar","adj","similar","คล้ายกัน","","相似","xiāngsì","adj","similaire","adj","","almost the same as something else","alike | comparable | related","The two countries face similar problems. | There are striking similarities between the two languages.","similar to | broadly similar | strikingly similar","similarity (n) | similarly (adv)","General Academic","1","AWL","1","similar","","","","SIM-i-lar","","","",""
"source","source","n","source","แหล่งที่มา","","来源","láiyuán","n","source","n","f","the place, person or thing that something comes from","origin | supply | root","Rice is the main source of energy for millions of people. | Journalists must check their sources carefully.","main source | reliable source | source of income","","General Academic","1","AWL","1","source","","","","SOURCE","","","",""
"specific","specific","adj","specific","เฉพาะเจาะจง","","具体","jùtǐ","adj","spécifique","adj","","relating to one particular thing and clearly stated","particular | precise | exact","The grant must be used for a specific purpose. | The contract includes detailed technical specifications.","specific needs | more specifically | specific to","specifically (adv) | specification (n)","General Academic","1","AWL","1","specific","","","","spe-CIF-ic","","","",""
"specify","specify","v","specify","ระบุอย่างชัดเจน","","指定","zhǐdìng","v","préciser","v","","to state something clearly and exactly","state | stipulate | detail","The contract specifies the date of delivery. | The money was paid for unspecified services.","unless otherwise specified | clearly specify | specified in","unspecified (adj)","General Academic","1","AWL","3","specify","","","","SPEC-i-fy","The contract clearly states the delivery date.","clearly states","specifies",""
"strategy","strategy","n","strategy","กลยุทธ์","","策略","cèlüè","n","stratégie","n","f","a plan intended to achieve a long-term aim","plan | approach | policy","The government launched a new strategy to cut waste. | The hospital is strategically located near the motorway.","long-term strategy | develop a strategy | strategic planning","strategic (adj) | strategically (adv)","General Academic","1","AWL","2","strategy","","","","STRAT-e-gy","","","",""
"structure","structure","n","structure","โครงสร้าง","","结构","jiégòu","n","structure","n","f","the way the parts of something are arranged or organised","framework | organisation | arrangement","The structure of the essay should be clear. | Many companies are restructuring to cut costs.","social structure | sentence structure | structural change","structural (adj) | restructure (v)","General Academic","1","AWL","1","structure","","","","STRUC-ture","","","",""
"sufficient","sufficient","adj","sufficient","เพียงพอ","","足够","zúgòu","adj","suffisant","adj","","as much as is needed","enough | adequate | ample","There is not sufficient evidence to support the claim. | Many rural schools receive insufficient funding.","sufficient evidence | sufficient time | insufficient funds","sufficiently (adv) | insufficient (adj)","General Academic","1","AWL","3","sufficient","","","sufficent","suf-FI-cient","There is not enough evidence to prove the claim.","enough","sufficient",""
"task","task","n","task","ภารกิจ","","任务","rènwù","n","tâche","n","f","a piece of work that must be done","job | duty | assignment","Writing a literature review is a demanding task. | The committee was tasked with reviewing safety rules.","complete a task | difficult task | task force","","General Academic","1","AWL","3","task","","","","TASK","","","",""
"transfer","transfer","v","transfer","ย้าย/โอน","","转移","zhuǎnyí","v","transférer","v","","to move someone or something from one place to another","move | shift | relocate","Patients were transferred to a larger hospital. | Many skills are transferable between jobs.","transfer money | technology transfer | transferable skills","transferable (adj)","General Academic","1","AWL","2","transfer","","","","trans-FER","","","",""
"valid","valid","adj","valid","สมเหตุสมผล/ใช้ได้","","有效","yǒuxiào","adj","valable","adj","","based on good reasons, or officially acceptable","sound | reasonable | legitimate","Critics raised several valid points. | Passports must remain valid for six months after arrival.","valid point | valid argument | remain valid","validity (n) | validate (v) | invalid (adj)","General Academic","1","AWL","3","valid","","","","VAL-id","","","",""
"vary","vary","v","vary","แตกต่างกันไป","","变化","biànhuà","v","varier","v","","to be different in different situations, or to change often","differ | change | fluctuate","Prices vary from region to region. | There is wide variation in rainfall across the country.","vary widely | vary considerably | regional variation","variation (n) | variable (n) | varied (adj)","General Academic","1","AWL","1","vary","","","","VAR-y","","","",""
"volume","volume","n","volume","ปริมาณ","","数量","shùliàng","n","volume","n","m","the amount of something, or the amount of space something fills","amount | quantity | capacity","The volume of traffic has doubled in ten years. | The encyclopaedia runs to twenty volumes.","volume of traffic | sales volume | high volume","","General Academic","1","AWL","3","volume","","","","VOL-ume","","","",""
"academy","academy","n","academy","สถาบันการศึกษา","","学院","xuéyuàn","n","académie","n","f","a school or college for special training, or a society of scholars","school | college | institution","He trained at a military academy. | Academic performance improved after the change.","military academy | academic year | academic performance","academic (adj) | academically (adv)","Education","1","AWL","5","academy","","","","a-CAD-e-my","","","",""
"assess","assess","v","assess","ประเมิน","","评估","pínggū","v","jauger","v","","to judge the quality, size or value of something","judge | evaluate | gauge","Students are assessed through coursework and exams. | An independent assessment found serious safety problems.","assess the impact | continuous assessment | risk assessment","assessment (n) | reassess (v)","Education","1","AWL","1","assess","","","asess","as-SESS","","","","fr"
"attendance","attendance","n","attendance","การเข้าเรียน/จำนวนผู้เข้าร่วม","","出勤","chūqín","n","présence","n","f","being present at school or an event, or the number of people who are present","presence | turnout | participation","Attendance at the museum has doubled. | Pupils must attend school until the age of sixteen.","school attendance | poor attendance | attend a meeting","attend (v) | attendee (n)","Education","1","Topic","","","","","","at-TEN-dance","","","",""
"bilingual","bilingual","adj","bilingual","สองภาษา","","双语","shuāngyǔ","adj","bilingue","adj","","able to speak two languages equally well","two-language | multilingual | fluent","Children raised in bilingual homes often learn languages easily. | Bilingualism may delay memory loss in old age.","bilingual education | bilingual children | fully bilingual","bilingualism (n)","Education","1","Topic","","","","","","bi-LIN-gual","","","",""
"campus","campus","n","campus","วิทยาเขต","","校园","xiàoyuán","n","campus","n","m","the land and buildings of a university or college","grounds | site | university","The university has a large green campus. | More students now live off campus.","on campus | off campus | campus life","","Education","1","Topic","","","","","","CAM-pus","","","",""
"cite","cite","v","cite","อ้างอิง","","引用","yǐnyòng","v","citer","v","","to mention a source or example as proof of what you say","quote | mention | refer to","The report cites several recent studies. | Every citation must include the page number.","cite evidence | widely cited | cite a source","citation (n)","Education","1","AWL","6","cite","","site | sight","","CITE","The article refers to three earlier studies.","refers to","cites",""
"comprehension","comprehension","n","comprehension","ความเข้าใจ","","理解力","lǐjiělì","n","compréhension","n","f","the ability to understand something, especially written or spoken language","understanding | grasp | awareness","The test measures reading comprehension. | Many readers failed to comprehend the instructions.","reading comprehension | listening comprehension | beyond comprehension","comprehend (v) | incomprehensible (adj)","Education","1","Topic","","","","comprehensive","","com-pre-HEN-sion","","","",""
"compulsory","compulsory","adj","compulsory","ภาคบังคับ","","强制","qiángzhì","adj","obligatoire","adj","","that must be done because of a law or rule","mandatory | obligatory | required","Education is compulsory until the age of sixteen. | Some countries have compulsory military service.","compulsory education | compulsory subject | make compulsory","","Education","1","Topic","","","","","","com-PUL-so-ry","School is required by law until the age of sixteen.","required by law","compulsory",""
"conference","conference","n","conference","การประชุม","","会议","huìyì","n","conférence","n","f","a large formal meeting where people discuss a subject","meeting | convention | summit","Over 2,000 scientists attended the conference. | The judges conferred before announcing the result.","attend a conference | press conference | international conference","confer (v)","Education","1","AWL","4","confer","","","","CON-fer-ence","","","",""
"coursework","coursework","n","coursework","งานระหว่างภาคเรียน","","课程作业","kèchéng zuòyè","n","contrôle continu","n","m","work done during a course that counts towards the final mark","assignments | projects | homework","Coursework makes up 40 per cent of the final grade. | Some students find coursework less stressful than exams.","coursework deadline | assessed coursework | complete coursework","","Education","1","Topic","","","","","","COURSE-work","","","","fr"
"curriculum","curriculum","n","curriculum","หลักสูตร","","课程","kèchéng","n","programme d'études","n","m","the subjects that are studied in a school, college or course","syllabus | programme | course","Coding is now part of the national curriculum. | Schools have some freedom to design their own curricula.","national curriculum | school curriculum | curriculum development","curricula (n) | curricular (adj)","Education","1","Topic","","","","","","cur-RIC-u-lum","","","",""
"diploma","diploma","n","diploma","ประกาศนียบัตร","","文凭","wénpíng","n","diplôme","n","m","a certificate given when you complete a course of study","certificate | qualification | award","She holds a diploma in nursing. | The college offers a two-year diploma in design.","diploma in | high school diploma | postgraduate diploma","","Education","1","Topic","","","","","","di-PLO-ma","","","",""
"discipline","discipline","n","discipline","ระเบียบวินัย/สาขาวิชา","","纪律","jìlǜ","n","discipline","n","f","training that makes people obey rules; also a subject of study","control | order | field","Strict discipline is enforced in the classroom. | Economics is a relatively young discipline.","school discipline | academic discipline | disciplinary action","disciplinary (adj) | self-discipline (n)","Education","1","Topic","","","","","","DIS-ci-pline","","","",""
"dormitory","dormitory","n","dormitory","หอพัก","","宿舍","sùshè","n","dortoir","n","m","a large building where students live, or a room where several people sleep","hall of residence | hostel | boarding house","First-year students live in university dormitories. | The old dormitory has been turned into classrooms.","student dormitory | live in a dormitory | dormitory town","","Education","1","Topic","","","","","","DOR-mi-to-ry","","","",""
"enrol","enrol","v","enrol | enroll","สมัครเข้าเรียน","","注册入学","zhùcè rùxué","v","s'inscrire","v","","to officially join a course, school or college","register | sign up | join","Over 3,000 students enrolled on the course. | Enrolment in science subjects has fallen.","enrol on a course | enrol in | student enrolment","enrolment (n)","Education","1","Topic","","","","","","en-ROL","More adults are signing up for evening classes.","signing up for","enrolling on",""
"grade","grade","n","grade","เกรด/ระดับคุณภาพ","","成绩","chéngjì","n","note","n","f","a mark given for school work, or a level of quality or rank","mark | score | level","She got top grades in all her exams. | Eggs are graded by size and freshness.","top grades | grade boundaries | high-grade","","Education","1","AWL","7","grade","","","","GRADE","","","",""
"graduate","graduate","n/v","graduate","บัณฑิต/สำเร็จการศึกษา","","毕业生","bìyèshēng","n","diplômé","n","m/f","a person who has completed a university degree","degree holder | alumnus | school leaver","Engineering graduates are in high demand. | Her graduation ceremony took place in July.","university graduate | graduate from | graduate unemployment","graduation (n) | undergraduate (n) | postgraduate (n)","Education","1","Topic","","","","","","GRAD-u-ate","","","",""
"institute","institute","n","institute","สถาบัน","","研究所","yánjiūsuǒ","n","institut","n","m","an organisation set up for a particular purpose, such as research or teaching","organisation | academy | college","She works at a medical research institute. | Universities are among the oldest institutions in Europe.","research institute | financial institution | educational institution","institution (n) | institutional (adj)","Education","1","AWL","2","institute","","","","IN-sti-tute","","","",""
"instruct","instruct","v","instruct","สั่งสอน/สั่งให้ทำ","","指导","zhǐdǎo","v","instruire","v","","to tell someone to do something, or to teach someone a skill","teach | direct | order","Staff were instructed to leave the building. | Follow the safety instructions carefully.","instruct someone to | clear instructions | driving instructor","instruction (n) | instructor (n) | instructive (adj)","Education","1","AWL","6","instruct","","","","in-STRUCT","","","",""
"kindergarten","kindergarten","n","kindergarten","โรงเรียนอนุบาล","","幼儿园","yòu'éryuán","n","école maternelle","n","f","a school or class for very young children before they start primary school","nursery school | preschool | infant school","Many children attend kindergarten before they start school. | Kindergarten teachers focus on learning through play.","kindergarten teacher | attend kindergarten | go to kindergarten","","Education","1","Topic","","","","","kindergarden","KIN-der-gar-ten","","","",""
"knowledge","knowledge","n","knowledge","ความรู้","","知识","zhīshi","n","connaissance","n","f","information and understanding gained through learning or experience","understanding | expertise | learning","Knowledge of a second language is an advantage. | The guide was friendly and knowledgeable.","general knowledge | knowledge of | scientific knowledge","knowledgeable (adj)","Education","1","Topic","","","","","","KNOWL-edge","","","",""
"lecture","lecture","n","lecture","การบรรยาย","","讲座","jiǎngzuò","n","cours magistral","n","m","a formal talk given to a group, especially students","talk | address | presentation","Attendance at lectures is compulsory. | She is a lecturer in economics.","give a lecture | attend a lecture | lecture theatre","lecturer (n)","Education","1","AWL","6","lecture","","","","LEC-ture","","","",""
"literacy","literacy","n","literacy","การรู้หนังสือ","","读写能力","dúxiě nénglì","n","alphabétisation","n","f","the ability to read and write","reading skills | education | learning","Adult literacy rates have risen across the region. | Millions of adults worldwide remain illiterate.","literacy rate | digital literacy | adult literacy","literate (adj) | illiterate (adj) | illiteracy (n)","Education","1","Topic","","","","","","LIT-er-a-cy","Reading and writing skills among adults have improved.","Reading and writing skills","Literacy",""
"mentor","mentor","n","mentor","พี่เลี้ยง/ผู้ให้คำปรึกษา","","导师","dǎoshī","n","mentor","n","m","an experienced person who advises and helps someone with less experience","adviser | guide | coach","Each new teacher is given a mentor. | Mentoring schemes help young people find work.","act as a mentor | mentoring scheme | business mentor","mentoring (n)","Education","1","Topic","","","","","","MEN-tor","","","",""
"numeracy","numeracy","n","numeracy","ทักษะการคำนวณ","","计算能力","jìsuàn nénglì","n","numératie","n","f","the ability to understand and work with numbers","arithmetic | maths skills | calculation","Numeracy is as important as reading. | Employers want staff who are numerate.","basic numeracy | numeracy skills | literacy and numeracy","numerate (adj)","Education","1","Topic","","","","","","NU-mer-a-cy","","","","fr"
"paragraph","paragraph","n","paragraph","ย่อหน้า","","段落","duànluò","n","paragraphe","n","m","a section of writing that begins on a new line and deals with one idea","section | passage | part","Each paragraph should focus on a single idea. | The opening paragraph summarises the argument.","opening paragraph | final paragraph | a short paragraph","","Education","1","AWL","8","paragraph","","","","PAR-a-graph","","","",""
"pedagogy","pedagogy","n","pedagogy","ศาสตร์การสอน","","教育学","jiàoyùxué","n","pédagogie","n","f","the study of how teaching is done and how it can be done well","teaching methods | instruction | education","Modern pedagogy stresses active learning. | The course covers pedagogical theory and practice.","modern pedagogy | pedagogical approach | effective pedagogy","pedagogical (adj)","Education","1","Topic","","","","","","PED-a-go-gy","","","",""
"philosophy","philosophy","n","philosophy","ปรัชญา","","哲学","zhéxué","n","philosophie","n","f","the study of ideas about truth, knowledge and the meaning of life","thinking | ideology | beliefs","She studied philosophy at university. | The debate raised deep philosophical questions.","political philosophy | philosophy of education | philosophical question","philosopher (n) | philosophical (adj)","Education","1","AWL","3","philosophy","","","","phi-LOS-o-phy","","","",""
"plagiarism","plagiarism","n","plagiarism","การลอกเลียนผลงาน","","抄袭","chāoxí","n","plagiat","n","m","copying another person's work or ideas and pretending they are your own","copying | theft | cheating","Plagiarism can lead to expulsion from university. | Software can detect essays that have been plagiarised.","accused of plagiarism | detect plagiarism | plagiarism software","plagiarise (v)","Education","1","Topic","","","","","plagarism","PLA-gia-rism","","","",""
"principal","principal","n/adj","principal","สำคัญที่สุด/ครูใหญ่","","校长","xiàozhǎng","n","principal","n/adj","m","most important; also the head of a school or college","main | chief | head teacher","The principal aim of the project is to reduce waste. | The school's principal welcomed the new students.","principal aim | principal reason | school principal","principally (adv)","Education","1","AWL","4","principal","","principle","","PRIN-ci-pal","","","",""
"qualification","qualification","n","qualification","วุฒิการศึกษา","","资格","zīgé","n","qualification","n","f","an official record that you have passed an exam or finished a course","certificate | diploma | degree","Young people without qualifications struggle to find work. | Only qualified nurses can give injections.","formal qualifications | academic qualifications | highly qualified","qualify (v) | unqualified (adj)","Education","1","Topic","","","","","","qual-i-fi-CA-tion","","","",""
"revise","revise","v","revise","ทบทวน/แก้ไขปรับปรุง","","修订","xiūdìng","v","réviser","v","","to change something to make it better or more accurate; also to study again before an exam","amend | update | review","The government revised its growth forecast downwards. | Students spend weeks revising for their final exams.","revise a plan | revised edition | revise for an exam","revision (n)","Education","1","AWL","8","revise","","","","re-VISE","The bank has changed its forecast for next year.","changed","revised",""
"rote","rote","n","rote","การท่องจำ","","死记硬背","sǐjì yìngbèi","n","mémorisation","n","f","learning something by repeating it many times rather than by understanding it","memorisation | repetition | drilling","Rote learning is still common in many schools. | Pupils learned the times tables by rote.","rote learning | by rote | rote memorisation","","Education","1","Topic","","","","","","ROTE","","","",""
"scholarship","scholarship","n","scholarship","ทุนการศึกษา","","奖学金","jiǎngxuéjīn","n","bourse","n","f","money given to a student to help pay for their studies; also serious academic study","grant | bursary | award","She won a scholarship to study in London. | The book is a fine piece of scholarship.","full scholarship | win a scholarship | scholarship programme","scholar (n) | scholarly (adj)","Education","1","Topic","","","","","","SCHOL-ar-ship","","","",""
"semester","semester","n","semester","ภาคการศึกษา","","学期","xuéqī","n","semestre","n","m","one of the two main parts into which a school or university year is divided","term | session | half-year","Exams take place at the end of each semester. | She spent a semester studying in Japan.","spring semester | first semester | semester abroad","","Education","1","Topic","","","","","","se-MES-ter","","","",""
"syllabus","syllabus","n","syllabus","ประมวลรายวิชา","","教学大纲","jiàoxué dàgāng","n","plan de cours","n","m","a list of the topics that will be covered in a course or exam","outline | programme | course plan","The history syllabus was updated last year. | Candidates should study every topic on the syllabus.","exam syllabus | course syllabus | on the syllabus","syllabi (n)","Education","1","Topic","","","","","","SYL-la-bus","","","",""
"tertiary","tertiary","adj","tertiary","ระดับอุดมศึกษา","","高等","gāoděng","adj","supérieur","adj","","relating to education at university or college level","higher | university-level | post-school","Tertiary education is free in some European countries. | The government plans to widen access to tertiary institutions.","tertiary education | tertiary level | tertiary institutions","","Education","1","Topic","","","","","","TER-tia-ry","","","",""
"thesis","thesis","n","thesis","วิทยานิพนธ์","","论文","lùnwén","n","thèse","n","f","a long piece of writing done for a university degree, or an idea that someone argues for","dissertation | argument | proposition","She is writing a thesis on urban poverty. | The author's central thesis is that growth harms the poor.","doctoral thesis | central thesis | write a thesis","theses (n)","Education","1","AWL","7","thesis","","","","THE-sis","","","",""
"truancy","truancy","n","truancy","การหนีเรียน","","逃学","táoxué","n","absentéisme","n","m","staying away from school without permission","absence | skipping school | non-attendance","Truancy rates are highest among older pupils. | Parents of persistent truants may be fined.","truancy rates | persistent truancy | play truant","truant (n)","Education","1","Topic","","","","","","TRU-an-cy","","","",""
"tuition","tuition","n","tuition","ค่าเล่าเรียน/การสอนพิเศษ","","学费","xuéfèi","n","frais de scolarité","n","m","teaching, especially of one person or a small group; also the money paid for teaching","teaching | coaching | fees","Tuition fees have tripled in a decade. | Many parents pay for private tuition in maths.","tuition fees | private tuition | free tuition","","Education","1","Topic","","","","","","tu-I-tion","","","",""
"tutor","tutor","n","tutor","ครูสอนพิเศษ","","家庭教师","jiātíng jiàoshī","n","tuteur","n","m","a teacher who works with one student or a small group","teacher | instructor | coach","Many families hire a private tutor before exams. | Students attend weekly tutorials in small groups.","private tutor | personal tutor | online tutorial","tutorial (n)","Education","1","Topic","","","","","","TU-tor","","","",""
"vocational","vocational","adj","vocational","เกี่ยวกับอาชีวศึกษา","","职业","zhíyè","adj","professionnel","adj","","giving the skills and training needed for a particular job","practical | job-related | technical","Vocational courses prepare students for work in skilled trades. | She felt that teaching was her true vocation.","vocational training | vocational qualifications | vocational education","vocation (n)","Education","1","Topic","","","","","","vo-CA-tion-al","","","",""
"adult","adult","n","adult","ผู้ใหญ่","","成年人","chéngniánrén","n","adulte","n","m/f","a fully grown person who is legally responsible for their actions","grown-up | mature person | man or woman","Many adults return to education later in life. | The move into adulthood is taking longer than before.","young adult | adult education | adult population","adulthood (n)","Society & Culture","1","AWL","7","adult","","","","AD-ult","","","",""
"ancestor","ancestor","n","ancestor","บรรพบุรุษ","","祖先","zǔxiān","n","ancêtre","n","m/f","a member of your family who lived a long time ago","forefather | predecessor | forebear","Many families honour their ancestors during festivals. | DNA tests allow people to trace their ancestry.","distant ancestor | common ancestor | trace your ancestry","ancestry (n) | ancestral (adj)","Society & Culture","1","Topic","","","","","","AN-ces-tor","","","",""
"assimilate","assimilate","v","assimilate","กลมกลืน/ซึมซับ","","同化","tónghuà","v","s'intégrer","v","","to become part of a group or society, or to take in new information fully","integrate | absorb | adapt","Newcomers may take years to assimilate into a new culture. | Cultural assimilation can weaken minority languages.","assimilate into | cultural assimilation | assimilate information","assimilation (n)","Society & Culture","1","Topic","","","","","","as-SIM-i-late","","","",""
"attitude","attitude","n","attitude","ทัศนคติ","","态度","tàidù","n","attitude","n","f","the way you think or feel about something","view | opinion | outlook","Attitudes towards women in work have changed. | A positive attitude can help recovery.","attitude towards | change of attitude | negative attitude","","Society & Culture","1","AWL","4","attitude","","","","AT-ti-tude","","","",""
"belief","belief","n","belief","ความเชื่อ","","信念","xìnniàn","n","croyance","n","f","a feeling that something is true or exists","conviction | faith | opinion","Religious beliefs shape many people's diets. | Many people still believe that the treatment works.","religious beliefs | widely held belief | belief in","believe (v) | believer (n)","Society & Culture","1","Topic","","","","","","be-LIEF","","","",""
"charity","charity","n","charity","องค์กรการกุศล","","慈善机构","císhàn jīgòu","n","association caritative","n","f","an organisation that collects money to help people in need","foundation | good cause | trust","The charity provides meals for homeless people. | Charitable donations rise at the end of the year.","raise money for charity | charity shop | charitable donations","charitable (adj)","Society & Culture","1","Topic","","","","","","CHAR-i-ty","","","",""
"community","community","n","community","ชุมชน","","社区","shèqū","n","communauté","n","f","the people who live in one area, or a group who share interests","society | neighbourhood | population","The library is an important resource for the local community. | Online communities can reduce loneliness.","local community | community centre | the scientific community","","Society & Culture","1","AWL","2","community","","","","com-MU-ni-ty","","","",""
"conflict","conflict","n","conflict","ความขัดแย้ง","","冲突","chōngtū","n","conflit","n","m","a serious disagreement or fighting between groups","dispute | clash | war","The conflict forced thousands of families from their homes. | The two reports conflict on several points.","armed conflict | conflict of interest | come into conflict","","Society & Culture","1","AWL","5","conflict","","","","CON-flict","","","",""
"culture","culture","n","culture","วัฒนธรรม","","文化","wénhuà","n","culture","n","f","the customs, beliefs and arts of a particular society","civilisation | customs | way of life","Food is an important part of any culture. | The city is known for its cultural diversity.","popular culture | cultural heritage | cultural differences","cultural (adj) | culturally (adv)","Society & Culture","1","AWL","2","culture","","","","CUL-ture","","","",""
"custom","custom","n","custom","ธรรมเนียม","","习俗","xísú","n","coutume","n","f","a way of behaving that has been usual in a society for a long time","tradition | practice | convention","It is the custom to remove your shoes before entering a home. | It is customary to tip waiters in many countries.","local customs | ancient custom | customary practice","customary (adj)","Society & Culture","1","Topic","","","","","","CUS-tom","","","",""
"discriminate","discriminate","v","discriminate","เลือกปฏิบัติ","","歧视","qíshì","v","discriminer","v","","to treat a person or group unfairly because of their race, sex, age or religion","treat unfairly | segregate | exclude","It is illegal to discriminate against job applicants because of age. | Racial discrimination remains a serious problem.","discriminate against | racial discrimination | age discrimination","discrimination (n) | discriminatory (adj)","Society & Culture","1","AWL","6","discriminate","","","","dis-CRIM-i-nate","","","",""
"diverse","diverse","adj","diverse","หลากหลาย","","多样","duōyàng","adj","divers","adj","","including many different types of people or things","varied | mixed | wide-ranging","London is one of the most diverse cities in the world. | The company wants greater diversity among its staff.","culturally diverse | a diverse range | ethnic diversity","diversity (n) | diversify (v)","Society & Culture","1","AWL","6","diverse","","","","di-VERSE","","","",""
"divorce","divorce","n","divorce","การหย่าร้าง","","离婚","líhūn","n","divorce","n","m","the legal ending of a marriage","separation | split | break-up","Divorce rates have fallen since the 1990s. | Children of divorced parents may need extra support.","divorce rate | get a divorce | file for divorce","","Society & Culture","1","Topic","","","","","","di-VORCE","","","",""
"domestic","domestic","adj","domestic","ภายในประเทศ/ในบ้าน","","国内","guónèi","adj","intérieur","adj","","relating to the home, or to one's own country","household | national | internal","Domestic flights are cheaper than international ones. | Women still do most domestic work.","domestic violence | domestic market | domestic flights","domestically (adv) | domesticate (v)","Society & Culture","1","AWL","4","domestic","","","","do-MES-tic","","","",""
"drama","drama","n","drama","ละคร","","戏剧","xìjù","n","drame","n","m","a play for the theatre, television or radio; also an exciting event","play | theatre | excitement","Students study drama and music. | There has been a dramatic fall in crime.","television drama | dramatic increase | drama school","dramatic (adj) | dramatically (adv) | dramatise (v)","Society & Culture","1","AWL","8","drama","","","","DRA-ma","","","",""
"elderly","elderly","adj","elderly","สูงอายุ","","年长","niánzhǎng","adj","âgé","adj","","old; a polite word used for people of advanced age","aged | senior | older","Elderly people are more likely to live alone. | Care for the elderly is becoming more expensive.","elderly people | the elderly | elderly relatives","","Society & Culture","1","Topic","","","","","","EL-der-ly","Old people are more likely to live alone.","Old","Elderly",""
"ethnic","ethnic","adj","ethnic","เกี่ยวกับชาติพันธุ์","","民族","mínzú","adj","ethnique","adj","","relating to a group of people who share a culture, language or origin","cultural | racial | national","The city is home to many ethnic groups. | The survey asked about age, gender and ethnicity.","ethnic group | ethnic minority | ethnic diversity","ethnicity (n)","Society & Culture","1","AWL","4","ethnic","","","","ETH-nic","","","",""
"etiquette","etiquette","n","etiquette","มารยาททางสังคม","","礼仪","lǐyí","n","étiquette","n","f","the rules of polite behaviour in a society or group","manners | protocol | courtesy","Business etiquette varies between countries. | Online etiquette discourages writing in capital letters.","social etiquette | business etiquette | rules of etiquette","","Society & Culture","1","Topic","","","","","","ET-i-quette","","","",""
"festival","festival","n","festival","เทศกาล","","节日","jiérì","n","fête","n","f","a special time when people celebrate something, often with music or food","celebration | carnival | fair","The city hosts an international film festival every summer. | The streets were decorated for the festive season.","music festival | film festival | festive season","festive (adj) | festivity (n)","Society & Culture","1","Topic","","","","","","FES-ti-val","","","",""
"folklore","folklore","n","folklore","นิทานพื้นบ้าน/คติชน","","民间传说","mínjiān chuánshuō","n","folklore","n","m","the traditional stories and beliefs of a community, passed on by word of mouth","legend | myth | tradition","Dragons appear often in local folklore. | Folklore reflects the fears and hopes of ordinary people.","local folklore | in folklore | folklore and legend","","Society & Culture","1","Topic","","","","","","FOLK-lore","","","",""
"gender","gender","n","gender","เพศสภาพ","","性别","xìngbié","n","genre","n","m","the state of being male or female, especially in social terms","sex | identity | male or female","The study found no gender differences in test scores. | Gender equality is a key goal of the programme.","gender equality | gender gap | gender roles","","Society & Culture","1","AWL","6","gender","","","","GEN-der","","","",""
"generation","generation","n","generation","คนรุ่น","","世代","shìdài","n","génération","n","f","all the people born and living at about the same time","age group | cohort | era","The older generation often distrusts online banking. | Knowledge was passed down through generations.","younger generation | future generations | generation gap","generational (adj)","Society & Culture","1","AWL","5","generation","","","","gen-e-RA-tion","","","",""
"heritage","heritage","n","heritage","มรดกทางวัฒนธรรม","","遗产","yíchǎn","n","patrimoine","n","m","the traditions, buildings and customs that a society values from its past","legacy | tradition | history","The old town is a World Heritage Site. | Protecting cultural heritage attracts tourists.","cultural heritage | national heritage | heritage site","","Society & Culture","1","Topic","","","","","","HER-i-tage","","","",""
"homeless","homeless","adj","homeless","ไร้ที่อยู่อาศัย","","无家可归","wújiā kěguī","adj","sans abri","adj","","having nowhere to live","without a home | destitute | sleeping rough","The number of homeless people has risen in large cities. | Homelessness is linked to mental illness and debt.","homeless people | the homeless | homeless shelter","homelessness (n)","Society & Culture","1","Topic","","","","","","HOME-less","","","",""
"hospitality","hospitality","n","hospitality","การต้อนรับขับสู้","","好客","hàokè","n","hospitalité","n","f","friendly treatment of guests; also the hotel and restaurant industry","welcome | friendliness | generosity","The region is famous for its hospitality. | Many students work part-time in hospitality.","hospitality industry | warm hospitality | hospitality sector","hospitable (adj)","Society & Culture","1","Topic","","","","","","hos-pi-TAL-i-ty","","","",""
"household","household","n","household","ครัวเรือน","","家庭","jiātíng","n","foyer","n","m","all the people who live together in one house","family | home | family unit","The average household spends a fifth of its income on food. | Household waste has increased sharply.","household income | household waste | single-person household","","Society & Culture","1","Topic","","","","","","HOUSE-hold","","","",""
"immigrate","immigrate","v","immigrate","อพยพเข้าประเทศ","","移民","yímín","v","immigrer","v","","to come to live permanently in a new country","settle | relocate | move abroad","Her parents immigrated to Canada in the 1980s. | Immigration has shaped the city's culture.","immigrate to | immigration policy | illegal immigrant","immigration (n) | immigrant (n)","Society & Culture","1","AWL","3","immigrate","","emigrate | migrate","","IM-mi-grate","","","",""
"individual","individual","n","individual","บุคคล/ปัจเจก","","个人","gèrén","n","individu","n","m","a single person considered separately from a group","person | single | personal","Each individual has the right to privacy. | Tasks were individually assigned to team members.","individual rights | individual needs | each individual","individually (adv) | individualism (n)","Society & Culture","1","AWL","1","individual","","","","in-di-VID-u-al","","","",""
"interact","interact","v","interact","มีปฏิสัมพันธ์","","互动","hùdòng","v","interagir","v","","to communicate with or react to each other","communicate | engage | mix","Children learn by interacting with others. | Interactive lessons keep students engaged.","interact with | social interaction | interactive learning","interaction (n) | interactive (adj)","Society & Culture","1","AWL","3","interact","","","","in-ter-ACT","","","",""
"leisure","leisure","n","leisure","เวลาว่าง/การพักผ่อน","","休闲","xiūxián","n","loisir","n","m","time when you are not working and can relax","free time | recreation | relaxation","People now spend more leisure time online. | Leisure centres offer swimming and fitness classes.","leisure time | leisure activities | leisure centre","leisurely (adj)","Society & Culture","1","Topic","","","","","","LEI-sure","Teenagers spend much of their free time online.","free time","leisure time",""
"marriage","marriage","n","marriage","การแต่งงาน","","婚姻","hūnyīn","n","mariage","n","m","the legal relationship between two people who have become husband and wife or life partners","wedding | union | partnership","The average age of marriage has risen. | Fewer couples marry in church today.","arranged marriage | same-sex marriage | marriage rate","marry (v)","Society & Culture","1","Topic","","","","","","MAR-riage","","","",""
"migrate","migrate","v","migrate","ย้ายถิ่น","","迁移","qiānyí","v","migrer","v","","to move from one place or country to another, often for work; for animals, to travel each season","relocate | move | travel","Many workers migrate to cities in search of jobs. | The seasonal migration of birds is being disrupted by climate change.","migrate to | economic migrant | mass migration","migration (n) | migrant (n) | migratory (adj)","Society & Culture","1","AWL","6","migrate","","immigrate | emigrate","","mi-GRATE","","","",""
"nationality","nationality","n","nationality","สัญชาติ","","国籍","guójí","n","nationalité","n","f","the legal right of belonging to a particular country","citizenship | national status | origin","Students of more than forty nationalities attend the school. | She holds dual nationality.","dual nationality | British nationality | of different nationalities","","Society & Culture","1","Topic","","","","","","na-tion-AL-i-ty","","","",""
"norm","norm","n","norm","บรรทัดฐาน","","规范","guīfàn","n","norme","n","f","a standard of behaviour that a society accepts as usual","standard | convention | rule","Social norms differ widely between cultures. | Working from home has become the norm for many.","social norms | cultural norms | become the norm","","Society & Culture","1","AWL","9","norm","","","","NORM","","","",""
"participate","participate","v","participate","เข้าร่วม","","参与","cānyù","v","participer","v","","to take part in an activity or event","take part | join in | engage","Over 500 students participated in the survey. | Participation in sport falls sharply after the age of sixteen.","participate in | active participation | study participants","participant (n) | participation (n)","Society & Culture","1","AWL","2","participate","","","","par-TIC-i-pate","Every pupil must take part in the project.","take part","participate",""
"partner","partner","n","partner","หุ้นส่วน/คู่ครอง","","伙伴","huǒbàn","n","partenaire","n","m/f","a person or organisation that shares an activity or relationship with another","associate | ally | colleague","The UK is a major trading partner of Japan. | The project is a partnership between two universities.","business partner | trading partner | in partnership with","partnership (n)","Society & Culture","1","AWL","3","partner","","","","PART-ner","","","",""
"peer","peer","n","peer","เพื่อนรุ่นเดียวกัน","","同龄人","tónglíngrén","n","pair","n","m","a person of the same age or social group as someone else","equal | contemporary | classmate","Teenagers are strongly influenced by their peers. | Peer pressure can lead young people to smoke.","peer pressure | peer group | peer review","","Society & Culture","1","Topic","","","","","","PEER","","","",""
"philanthropy","philanthropy","n","philanthropy","การบริจาคเพื่อสังคม","","慈善事业","císhàn shìyè","n","philanthropie","n","f","the practice of giving money and time to help people in need","charity | generosity | giving","Several tech billionaires have turned to philanthropy. | The hospital was built by a local philanthropist.","private philanthropy | philanthropic foundation | corporate philanthropy","philanthropist (n) | philanthropic (adj)","Society & Culture","1","Topic","","","","","","phi-LAN-thro-py","","","",""
"poverty","poverty","n","poverty","ความยากจน","","贫困","pínkùn","n","pauvreté","n","f","the state of having very little money and few possessions","hardship | need | deprivation","Around a fifth of children live in poverty. | Education is one of the best routes out of poverty.","live in poverty | poverty line | extreme poverty","","Society & Culture","1","Topic","","","","","","POV-er-ty","","","",""
"prejudice","prejudice","n","prejudice","ความลำเอียง/อคติ","","偏见","piānjiàn","n","préjugé","n","m","an unfair opinion about a person or group, formed without knowing the facts","bias | bigotry | discrimination","Prejudice against migrants often grows during hard times. | Some employers remain prejudiced against older applicants.","racial prejudice | prejudice against | overcome prejudice","","Society & Culture","1","Topic","","","","","","PREJ-u-dice","","","",""
"religion","religion","n","religion","ศาสนา","","宗教","zōngjiào","n","religion","n","f","faith in and worship of a god or gods","faith | belief | worship","The constitution guarantees freedom of religion. | Religious festivals are public holidays.","freedom of religion | world religions | religious beliefs","religious (adj)","Society & Culture","1","Topic","","","","","","re-LI-gion","","","",""
"ritual","ritual","n","ritual","พิธีกรรม","","仪式","yíshì","n","rituel","n","m","a set of actions always done in the same way, often as part of a ceremony","ceremony | rite | custom","Wedding rituals vary greatly between cultures. | For many people, morning coffee is a daily ritual.","religious ritual | daily ritual | ancient ritual","","Society & Culture","1","Topic","","","","","","RIT-u-al","","","",""
"role","role","n","role","บทบาท","","角色","juésè","n","rôle","n","m","the position or purpose that someone or something has in a situation","function | part | position","Parents play a key role in their children's education. | Traditional gender roles are changing.","play a role | key role | role model","","Society & Culture","1","AWL","1","role","","","","ROLE","","","",""
"solidarity","solidarity","n","solidarity","ความสมานฉันท์","","团结","tuánjié","n","solidarité","n","f","support and agreement among people who share the same aims","unity | support | unanimity","Workers went on strike in solidarity with nurses. | Community solidarity helped the town recover from the floods.","in solidarity with | show solidarity | social solidarity","","Society & Culture","1","Topic","","","","","","sol-i-DAR-i-ty","","","",""
"status","status","n","status","สถานะ","","地位","dìwèi","n","statut","n","m","a person's social or professional position compared with others","position | rank | standing","Doctors enjoy high social status in most countries. | Applicants can check the status of their visa online.","social status | legal status | high status","","Society & Culture","1","AWL","4","status","","","","STA-tus","","","",""
"stereotype","stereotype","n","stereotype","ภาพเหมารวม","","刻板印象","kèbǎn yìnxiàng","n","stéréotype","n","m","a fixed and too simple idea of what a type of person or thing is like","cliché | generalisation | label","The film challenges gender stereotypes. | Older workers are often stereotyped as slow learners.","gender stereotypes | negative stereotype | reinforce stereotypes","stereotypical (adj)","Society & Culture","1","Topic","","","","","","STER-e-o-type","","","",""
"taboo","taboo","n","taboo","ข้อห้ามทางสังคม","","禁忌","jìnjì","n","tabou","n","m","a subject or action that a society considers unacceptable to talk about or do","prohibition | ban | restriction","Mental illness is no longer the taboo it once was. | In some cultures it is taboo to discuss money.","social taboo | break a taboo | taboo subject","","Society & Culture","1","Topic","","","","","","ta-BOO","","","",""
"tolerance","tolerance","n","tolerance","ความอดกลั้น/การยอมรับความต่าง","","宽容","kuānróng","n","tolérance","n","f","willingness to accept beliefs or behaviour that are different from your own","acceptance | open-mindedness | patience","Schools should teach tolerance and respect. | Some people cannot tolerate dairy products.","religious tolerance | zero tolerance | tolerance of","tolerate (v) | tolerant (adj) | intolerance (n)","Society & Culture","1","Topic","","","","","","TOL-er-ance","","","",""
"tradition","tradition","n","tradition","ประเพณี","","传统","chuántǒng","n","tradition","n","f","a custom or belief passed down from one generation to the next","custom | convention | heritage","The festival is a tradition dating back centuries. | Traditional crafts are disappearing in many villages.","long tradition | traditional values | break with tradition","traditional (adj) | traditionally (adv)","Society & Culture","1","AWL","2","tradition","","","","tra-DI-tion","","","",""
"voluntary","voluntary","adj","voluntary","โดยสมัครใจ","","自愿","zìyuàn","adj","volontaire","adj","","done willingly and without being paid or forced","unpaid | optional | willing","Many retired people do voluntary work. | Volunteers helped to clean the beach.","voluntary work | voluntary organisation | on a voluntary basis","volunteer (n) | voluntarily (adv)","Society & Culture","1","AWL","7","voluntary","","","","VOL-un-ta-ry","","","",""
"welfare","welfare","n","welfare","สวัสดิการ","","福利","fúlì","n","aide sociale","n","f","help given by the state to people in need; also general health and happiness","wellbeing | social security | support","Spending on welfare has risen sharply. | Animal welfare groups criticised the farm.","social welfare | animal welfare | welfare state","","Society & Culture","1","AWL","5","welfare","","","","WEL-fare","","","",""
"youth","youth","n","youth","เยาวชน/วัยหนุ่มสาว","","青年","qīngnián","n","jeunesse","n","f","the time of life when someone is young, or young people as a group","young people | adolescence | teenagers","Youth unemployment is a serious problem. | He spent his youth in a small village.","youth unemployment | youth club | in her youth","youthful (adj)","Society & Culture","1","Topic","","","","","","YOUTH","","","",""
"advertise","advertise","v","advertise","โฆษณา","","打广告","dǎ guǎnggào","v","faire de la publicité","v","","to tell the public about a product or service in order to sell it","promote | publicise | market","Fast-food companies should not advertise to children. | Television advertising is losing ground to online ads.","advertise a product | advertising campaign | online advertising","advertisement (n) | advertising (n) | advertiser (n)","Media & Communication","1","Topic","","","","","","AD-ver-tise","","","",""
"anonymous","anonymous","adj","anonymous","นิรนาม","","匿名","nìmíng","adj","anonyme","adj","","done or written by someone whose name is not known or not given","unnamed | unidentified | nameless","An anonymous donor gave the hospital a million pounds. | Participants in the survey remain anonymous.","anonymous donor | remain anonymous | anonymous survey","anonymously (adv) | anonymity (n)","Media & Communication","1","Topic","","","","","","a-NON-y-mous","","","",""
"articulate","articulate","adj","articulate","ถ่ายทอดความคิดได้ชัดเจน","","善于表达","shànyú biǎodá","adj","qui s'exprime bien","adj","","able to express ideas clearly in words","fluent | clear | well-spoken","Employers value articulate graduates. | Young children may struggle to articulate their feelings.","highly articulate | articulate a vision | articulate your thoughts","articulation (n)","Media & Communication","1","Topic","","","","","","ar-TIC-u-late","","","","fr"
"audience","audience","n","audience","ผู้ชม","","观众","guānzhòng","n","public","n","m","the people who watch, read or listen to something","viewers | listeners | spectators","The programme attracts an audience of five million. | Advertisers target a younger audience online.","target audience | wide audience | live audience","","Media & Communication","1","Topic","","","","","","AU-di-ence","The show is popular with younger viewers.","younger viewers","a younger audience",""
"author","author","n","author","ผู้เขียน","","作者","zuòzhě","n","auteur","n","m","a person who writes a book, article or report","writer | creator | novelist","The author argues that cities must prepare for extreme heat. | Joint authorship is common in scientific papers.","the author argues | co-author | best-selling author","authorship (n)","Media & Communication","1","AWL","6","author","","","","AU-thor","","","",""
"blog","blog","n","blog","บล็อก","","博客","bókè","n","blog","n","m","a website where a person writes regularly about their experiences or opinions","online diary | web log | column","Many teachers keep a blog about their classroom practice. | Travel bloggers are often paid to promote hotels.","write a blog | blog post | travel blogger","blogger (n)","Media & Communication","1","Topic","","","","","","BLOG","","","",""
"broadcast","broadcast","v","broadcast","ออกอากาศ","","广播","guǎngbō","v","diffuser","v","","to send out a programme on radio or television","transmit | air | screen","The debate was broadcast live on national television. | Public broadcasters receive government funding.","broadcast live | public broadcaster | news broadcast","broadcaster (n)","Media & Communication","1","Topic","","","","","","BROAD-cast","","","",""
"celebrity","celebrity","n","celebrity","คนดัง","","名人","míngrén","n","célébrité","n","f","a famous person, especially in entertainment or sport","star | famous person | personality","Celebrities are often used to sell products. | The culture of celebrity shapes young people's ambitions.","celebrity culture | global celebrity | celebrity endorsement","","Media & Communication","1","Topic","","","","","","ce-LEB-ri-ty","","","",""
"censor","censor","v","censor","ตรวจพิจารณาเนื้อหา","","审查","shěnchá","v","censurer","v","","to remove parts of books, films or news that are considered harmful or secret","suppress | ban | cut","The government censored reports about the protests. | Internet censorship is common in some countries.","heavily censored | internet censorship | press censorship","censorship (n)","Media & Communication","1","Topic","","","","censure | sensor","","CEN-sor","","","",""
"channel","channel","n","channel","ช่องทาง","","渠道","qúdào","n","canal","n","m","a way of communicating or sending something; also a television station","medium | route | station","The news was broadcast on every channel. | Complaints should go through official channels.","official channels | television channel | channel of communication","","Media & Communication","1","AWL","7","channel","","","","CHAN-nel","","","",""
"chapter","chapter","n","chapter","บทในหนังสือ","","章节","zhāngjié","n","chapitre","n","m","one of the main parts that a book is divided into","section | part | episode","The first chapter introduces the main theories. | Each chapter ends with a short summary.","opening chapter | final chapter | a new chapter","","Media & Communication","1","AWL","2","chapter","","","","CHAP-ter","","","",""
"comment","comment","n","comment","ความคิดเห็น","","评论","pínglùn","n","commentaire","n","m","something you say or write that gives an opinion","remark | observation | opinion","The minister refused to comment on the report. | Online comments can be extremely hostile.","make a comment | refuse to comment | no comment","commentary (n) | commentator (n)","Media & Communication","1","AWL","3","comment","","","","COM-ment","","","",""
"commercial","commercial","n/adj","commercial","เชิงพาณิชย์/โฆษณาทางทีวี","","商业","shāngyè","adj","commercial","adj","","related to buying and selling for profit; also an advertisement on television or radio","business | profit-making | advertisement","Commercial television depends on advertising income. | The film was a huge commercial success.","commercial success | commercial break | commercial television","commerce (n) | commercially (adv)","Media & Communication","1","Topic","","","","","","com-MER-cial","","","",""
"communicate","communicate","v","communicate","สื่อสาร","","沟通","gōutōng","v","communiquer","v","","to share information or ideas with others","convey | express | share","Doctors must communicate clearly with patients. | Mobile phones have transformed communication.","communicate with | effective communication | communication skills","communication (n) | communicative (adj)","Media & Communication","1","AWL","4","communicate","","","","com-MU-ni-cate","","","",""
"correspond","correspond","v","correspond","สอดคล้อง/ติดต่อทางจดหมาย","","相符","xiāngfú","v","correspondre","v","","to match or be similar to something, or to exchange letters with someone","match | agree | write","The figures do not correspond with official records. | She worked as a foreign correspondent for twenty years.","correspond to | correspond with | foreign correspondent","correspondence (n) | correspondent (n)","Media & Communication","1","AWL","3","correspond","","","","cor-re-SPOND","","","",""
"coverage","coverage","n","coverage","การรายงานข่าว","","报道","bàodào","n","couverture","n","f","the way news about an event is reported, or how much of it is reported","reporting | reports | attention","Media coverage of the election was biased. | The story received little coverage abroad.","media coverage | news coverage | extensive coverage","","Media & Communication","1","Topic","","","","","","COV-er-age","","","",""
"debate","debate","n","debate","การถกเถียง","","辩论","biànlùn","n","débat","n","m","a formal discussion in which people give opposing opinions","discussion | argument | dispute","There is a lively debate about school uniforms. | Politicians debated the new law for hours.","public debate | heated debate | debate over","debatable (adj)","Media & Communication","1","AWL","4","debate","","","","de-BATE","","","",""
"dialogue","dialogue","n","dialogue | dialog","การเจรจา/บทสนทนา","","对话","duìhuà","n","dialogue","n","m","formal talks between groups trying to solve a problem; also conversation in a book or film","conversation | talks | exchange","The two governments agreed to open a dialogue. | The dialogue in the film sounds natural.","open a dialogue | constructive dialogue | political dialogue","","Media & Communication","1","Topic","","","","","","DI-a-logue","","","",""
"document","document","n","document","เอกสาร","","文件","wénjiàn","n","document","n","m","an official paper or file that gives information","record | paper | file","Applicants must provide identity documents. | The documentary explores the lives of refugees.","official document | legal document | television documentary","documentation (n) | documentary (n)","Media & Communication","1","AWL","3","document","","","","DOC-u-ment","","","",""
"draft","draft","n","draft","ฉบับร่าง","","草稿","cǎogǎo","n","brouillon","n","m","an early version of a document that will be changed later","outline | version | sketch","The first draft of the essay was too long. | Lawyers are drafting a new agreement.","first draft | final draft | draft a proposal","redraft (v)","Media & Communication","1","AWL","5","draft","","","","DRAFT","","","",""
"edit","edit","v","edit","แก้ไขต้นฉบับ","","编辑","biānjí","v","corriger","v","","to prepare a text or film for the public by correcting and improving it","revise | correct | amend","The article was edited before publication. | The newspaper's editor apologised for the error.","edit a book | newspaper editor | latest edition","editor (n) | edition (n) | editorial (adj)","Media & Communication","1","AWL","6","edit","","","","ED-it","","","",""
"eloquent","eloquent","adj","eloquent","พูดจาคมคาย","","雄辩","xióngbiàn","adj","éloquent","adj","","able to express ideas clearly and in a way that moves people","fluent | expressive | persuasive","The minister gave an eloquent speech on poverty. | She argued eloquently for reform.","eloquent speech | eloquent speaker | speak eloquently","eloquence (n) | eloquently (adv)","Media & Communication","1","Topic","","","","","","EL-o-quent","","","",""
"feedback","feedback","n","feedback","ข้อเสนอแนะ","","反馈","fǎnkuì","n","rétroaction","n","f","comments about how well someone has done something, given to help them do better","response | reaction | comments","Students receive detailed feedback on their essays. | Customer feedback led to changes in the design.","positive feedback | give feedback | constructive feedback","","Media & Communication","1","Topic","","","","","","FEED-back","","","",""
"headline","headline","n","headline","พาดหัวข่าว","","标题","biāotí","n","gros titre","n","m","the title of a newspaper story, printed in large letters","title | heading | top story","The scandal made headlines around the world. | Many readers share articles after reading only the headline.","make headlines | front-page headline | grab the headlines","","Media & Communication","1","Topic","","","","","","HEAD-line","","","",""
"image","image","n","image","ภาพลักษณ์","","形象","xíngxiàng","n","image","n","f","the way a person or organisation is seen by the public; also a picture","reputation | picture | impression","The company is trying to improve its public image. | Satellite images show the extent of the flooding.","public image | positive image | satellite image","imagery (n)","Media & Communication","1","AWL","5","image","","","","IM-age","","","",""
"journal","journal","n","journal","วารสาร","","期刊","qīkān","n","revue","n","f","a serious magazine that publishes articles on a particular subject","periodical | magazine | review","The study appeared in a leading medical journal. | Researchers submit their findings to academic journals.","academic journal | scientific journal | peer-reviewed journal","","Media & Communication","1","AWL","2","journal","","","","JOUR-nal","","","",""
"journalism","journalism","n","journalism","งานข่าว/วารสารศาสตร์","","新闻业","xīnwényè","n","journalisme","n","m","the work of collecting and writing news for newspapers, websites or broadcasts","reporting | news writing | the press","Investigative journalism exposes wrongdoing by the powerful. | Journalists must protect their sources.","investigative journalism | citizen journalism | freelance journalist","journalist (n) | journalistic (adj)","Media & Communication","1","Topic","","","","","","JOUR-nal-ism","","","",""
"mainstream","mainstream","adj","mainstream","กระแสหลัก","","主流","zhǔliú","adj","dominant","adj","","accepted by or typical of most people","conventional | popular | established","Organic food has moved into the mainstream. | Mainstream media ignored the story for weeks.","mainstream media | mainstream culture | enter the mainstream","","Media & Communication","1","Topic","","","","","","MAIN-stream","","","",""
"media","media","n","media","สื่อ","","媒体","méitǐ","n","médias","n","m","television, radio, newspapers and the internet as a group","press | broadcasting | news","The media play a key role in shaping public opinion. | Social media has changed how young people communicate.","social media | mass media | media coverage","","Media & Communication","1","AWL","7","media","","","","ME-di-a","","","",""
"misinformation","misinformation","n","misinformation","ข้อมูลเท็จ","","错误信息","cuòwù xìnxī","n","désinformation","n","f","false or wrong facts, especially when they are spread without intending harm","falsehood | rumour | fake news","Health misinformation spreads quickly on social media. | Fact-checkers work to correct misinformation.","spread misinformation | tackle misinformation | health misinformation","misinform (v)","Media & Communication","1","Topic","","","","","","mis-in-for-MA-tion","","","",""
"persuade","persuade","v","persuade","ชักจูง","","说服","shuōfú","v","persuader","v","","to make someone agree to do or believe something by giving good reasons","convince | win over | talk into","Adverts try to persuade people to buy things they do not need. | She wrote a persuasive essay on animal rights.","persuade someone to | persuasive argument | powers of persuasion","persuasion (n) | persuasive (adj)","Media & Communication","1","Topic","","","","convince","","per-SUADE","Advertisers try to talk people into buying more.","talk people into buying","persuade people to buy",""
"platform","platform","n","platform","แพลตฟอร์ม/เวทีแสดงความเห็น","","平台","píngtái","n","plateforme","n","f","a website or service that lets people share content; also a chance to express your views","site | forum | stage","Social media platforms are under pressure to remove hate speech. | The festival gives young artists a platform.","online platform | social media platform | provide a platform","","Media & Communication","1","Topic","","","","","","PLAT-form","","","",""
"podcast","podcast","n","podcast","พอดแคสต์","","播客","bōkè","n","podcast","n","m","a series of audio programmes that you can download or stream from the internet","audio show | broadcast | programme","Podcasts have become a popular way to learn languages. | The university podcasts its public lectures.","listen to a podcast | podcast episode | host a podcast","podcaster (n)","Media & Communication","1","Topic","","","","","","POD-cast","","","",""
"press","press","n","press","สื่อมวลชน/หนังสือพิมพ์","","新闻界","xīnwénjiè","n","presse","n","f","newspapers and magazines, and the people who write for them","media | newspapers | reporters","Freedom of the press is essential in a democracy. | The minister held a press conference.","freedom of the press | press conference | the national press","","Media & Communication","1","Topic","","","","","","PRESS","","","",""
"promote","promote","v","promote","ส่งเสริม/เลื่อนตำแหน่ง","","促进","cùjìn","v","promouvoir","v","","to help something grow or become popular, or to move someone to a higher position","encourage | advertise | support","The campaign promotes healthy eating in schools. | She was promoted to senior manager.","promote health | promote awareness | sales promotion","promotion (n) | promoter (n)","Media & Communication","1","AWL","4","promote","","","","pro-MOTE","The festival encourages interest in local music.","encourages","promotes",""
"propaganda","propaganda","n","propaganda","การโฆษณาชวนเชื่อ","","宣传","xuānchuán","n","propagande","n","f","information, often false or one-sided, used to make people support a political cause","disinformation | publicity | spin","Wartime propaganda portrayed the enemy as evil. | State media were accused of spreading propaganda.","political propaganda | propaganda campaign | state propaganda","","Media & Communication","1","Topic","","","","","","prop-a-GAN-da","","","",""
"publication","publication","n","publication","สิ่งพิมพ์","","出版物","chūbǎnwù","n","publication","n","f","a book or magazine that is printed, or the act of making it available to the public","issue | edition | release","The report is due for publication next month. | The magazine is a weekly publication.","date of publication | academic publications | since publication","","Media & Communication","1","AWL","7","publication","","","","pub-li-CA-tion","","","",""
"publish","publish","v","publish","ตีพิมพ์","","出版","chūbǎn","v","publier","v","","to prepare and print a book, article or report for the public","print | release | issue","The findings were published in a medical journal. | Publishers are moving towards digital books.","publish a report | recently published | publish findings","publisher (n)","Media & Communication","1","AWL","3","publish","","","","PUB-lish","","","",""
"quote","quote","v","quote","ยกคำพูดมาอ้าง","","引述","yǐnshù","v","citer textuellement","v","","to repeat the exact words that someone has said or written","cite | repeat | recite","The article quotes several local residents. | Each chapter opens with a quotation from a famous writer.","quote from | direct quotation | widely quoted","quotation (n)","Media & Communication","1","AWL","7","quote","","","","QUOTE","","","","fr"
"rhetoric","rhetoric","n","rhetoric","วาทศิลป์/วาทกรรม","","修辞","xiūcí","n","rhétorique","n","f","language used to impress or win support, often without real substance","oratory | speechmaking | spin","The candidate's rhetoric appealed to angry voters. | It was a rhetorical question that needed no answer.","political rhetoric | empty rhetoric | rhetorical question","rhetorical (adj)","Media & Communication","1","Topic","","","","","","RHET-o-ric","","","",""
"sensational","sensational","adj","sensational","เร้าอารมณ์เกินจริง","","耸人听闻","sǒngrén tīngwén","adj","sensationnel","adj","","presenting news in a shocking way to attract attention; also extremely good","dramatic | shocking | exaggerated","Sensational headlines attract clicks but mislead readers. | Critics accused the programme of sensationalism.","sensational headlines | sensational story | sensational claims","sensationalism (n)","Media & Communication","1","Topic","","","","","","sen-SA-tion-al","","","",""
"series","series","n","series","ชุดต่อเนื่อง","","系列","xìliè","n","série","n","f","a number of similar things or events that come one after another","sequence | set | succession","The museum hosts a series of free lectures. | The television series attracted millions of viewers.","a series of | television series | series of events","","Media & Communication","1","AWL","4","series","","","","SE-ries","","","",""
"slogan","slogan","n","slogan","คำขวัญ","","口号","kǒuhào","n","slogan","n","m","a short, easy-to-remember phrase used in advertising or politics","motto | catchphrase | tagline","The campaign slogan appeared on buses across the city. | Protesters chanted slogans outside parliament.","advertising slogan | campaign slogan | chant slogans","","Media & Communication","1","Topic","","","","","","SLO-gan","","","",""
"subscribe","subscribe","v","subscribe","สมัครสมาชิก","","订阅","dìngyuè","v","s'abonner","v","","to pay regularly to receive a service, magazine or newspaper","sign up | pay for | register","Millions of people subscribe to streaming services. | Newspapers are losing print subscribers.","subscribe to | annual subscription | paying subscribers","subscription (n) | subscriber (n)","Media & Communication","1","Topic","","","","","","sub-SCRIBE","","","",""
"tabloid","tabloid","n","tabloid","หนังสือพิมพ์แนวซุบซิบ","","小报","xiǎobào","n","presse à scandale","n","f","a newspaper with small pages, short stories and many pictures, often about famous people","popular paper | gossip paper | scandal sheet","The tabloids printed rumours about the singer's private life. | Tabloid newspapers are often accused of invading privacy.","tabloid newspaper | tabloid press | tabloid journalism","","Media & Communication","1","Topic","","","","","","TAB-loid","","","",""
"tape","tape","n","tape","เทปบันทึก","","磁带","cídài","n","bande","n","f","a long thin strip used to record sound or pictures, or to stick things together","recording | cassette | band","The interviews were recorded on tape. | Researchers taped every conversation with permission.","recorded on tape | video tape | red tape","","Media & Communication","1","AWL","6","tape","","","","TAPE","","","",""
"text","text","n","text","ข้อความ/ตัวบท","","文本","wénběn","n","texte","n","m","the written words in a book, document or message","passage | wording | writing","Students must read the text carefully before answering. | Most teenagers text their friends rather than call them.","the full text | text message | original text","textual (adj)","Media & Communication","1","AWL","2","text","","","","TEXT","","","",""
"transmit","transmit","v","transmit","ส่งผ่าน/แพร่เชื้อ","","传输","chuánshū","v","transmettre","v","","to send out signals, or to pass something from one person or place to another","broadcast | send | pass on","The match was transmitted live around the world. | The virus spreads mainly through airborne transmission.","transmit signals | transmit a disease | data transmission","transmission (n)","Media & Communication","1","AWL","7","transmit","","","","trans-MIT","","","",""
"viral","viral","adj","viral","แพร่กระจายอย่างรวดเร็ว","","病毒式传播","bìngdúshì chuánbō","adj","viral","adj","","spreading very quickly on the internet; also caused by a virus","widespread | popular | infectious","The video went viral within hours. | Viral infections cannot be treated with antibiotics.","go viral | viral video | viral infection","","Media & Communication","1","Topic","","","","","","VI-ral","","","",""
"abstract","abstract","adj","abstract","เชิงนามธรรม","","抽象","chōuxiàng","adj","abstrait","adj","","based on ideas rather than real physical things; also a short summary of a research article","theoretical | conceptual | summary","Young children struggle with abstract ideas. | Read the abstract before the full article.","abstract concept | abstract art | abstract thinking","abstraction (n)","General Academic","2","AWL","6","abstract","","","","AB-stract","","","",""
"access","access","n","access","การเข้าถึง","","使用权","shǐyòngquán","n","accès","n","m","the right or chance to use or reach something","entry | admission | availability","Millions of people lack access to clean water. | Public buildings must be accessible to wheelchair users.","access to | gain access | easily accessible","accessible (adj) | accessibility (n) | inaccessible (adj)","General Academic","2","AWL","4","access","","assess | excess","","AC-cess","","","",""
"accurate","accurate","adj","accurate","แม่นยำ","","准确","zhǔnquè","adj","exact","adj","","correct and true, without mistakes","correct | exact | precise","Accurate diagnosis is essential for effective treatment. | The test is 95 per cent accurate.","accurate information | highly accurate | accurately predict","accuracy (n) | accurately (adv) | inaccurate (adj)","General Academic","2","AWL","6","accurate","","","","AC-cu-rate","","","",""
"acknowledge","acknowledge","v","acknowledge","ยอมรับ","","承认","chéngrèn","v","reconnaître","v","","to accept or admit that something is true or exists","admit | accept | recognise","The government acknowledged that mistakes had been made. | The author acknowledges the help of her colleagues.","widely acknowledged | acknowledge the problem | acknowledge receipt","acknowledgement (n)","General Academic","2","AWL","6","acknowledge","","","","ac-KNOWL-edge","The minister admitted that the system had failed.","admitted","acknowledged",""
"adapt","adapt","v","adapt","ปรับตัว","","适应","shìyìng","v","s'adapter","v","","to change to suit a new situation; also to change something for a new use","adjust | modify | acclimatise","Species must adapt to survive changes in climate. | The novel was adapted for television.","adapt to | well adapted | adapt quickly","adaptation (n) | adaptable (adj) | adaptive (adj)","General Academic","2","AWL","7","adapt","","adopt","","a-DAPT","","","",""
"adequate","adequate","adj","adequate","เพียงพอ","","充足","chōngzú","adj","adéquat","adj","","enough in quantity, or good enough in quality","sufficient | enough | acceptable","Many patients do not receive adequate care. | The ward was inadequately staffed at night.","adequate supply | adequate funding | inadequate housing","adequately (adv) | inadequate (adj) | inadequately (adv)","General Academic","2","AWL","4","adequate","","","","AD-e-quate","Many families still lack enough food.","enough","adequate",""
"adjust","adjust","v","adjust","ปรับแก้","","调整","tiáozhěng","v","ajuster","v","","to change something slightly to make it more suitable or correct","adapt | alter | modify","Doctors adjusted the dose after two weeks. | Moving abroad requires many adjustments.","adjust to | make adjustments | adjust the dose","adjustment (n) | adjustable (adj)","General Academic","2","AWL","5","adjust","","","","ad-JUST","","","",""
"advocate","advocate","n/v","advocate","สนับสนุน/ผู้สนับสนุน","","倡导","chàngdǎo","v","préconiser","v","","to publicly support a policy or idea; also a person who does this","support | champion | promote","Doctors advocate a ban on junk food adverts. | She is a leading advocate of patients' rights.","advocate for | strong advocate | patient advocacy","advocacy (n)","General Academic","2","AWL","7","advocate","","","","AD-vo-cate","","","",""
"aggregate","aggregate","n","aggregate","ผลรวม/มวลรวม","","总计","zǒngjì","n","total","n","m","a total formed by combining several amounts or things","total | combined | overall","The team with the highest aggregate score wins. | Data were aggregated from 200 clinics.","in aggregate | aggregate demand | aggregate data","aggregation (n)","General Academic","2","AWL","6","aggregate","","","","AG-gre-gate","","","",""
"aid","aid","n","aid","ความช่วยเหลือ","","援助","yuánzhù","n","aide","n","f","help, especially money, food or equipment given to people in need","help | support | assistance","The charity sends medical aid to war zones. | Hearing aids can be expensive.","foreign aid | first aid | humanitarian aid","","General Academic","2","AWL","7","aid","","","","AID","","","",""
"allocate","allocate","v","allocate","จัดสรร","","分配","fēnpèi","v","allouer","v","","to give a share of money, time or space to a particular person or purpose","assign | distribute | allot","More funding was allocated to mental health services. | The allocation of hospital beds is based on need.","allocate resources | allocate funds | budget allocation","allocation (n)","General Academic","2","AWL","6","allocate","","","","AL-lo-cate","The council set aside two million pounds for new parks.","set aside","allocated",""
"alter","alter","v","alter","เปลี่ยนแปลง","","改变","gǎibiàn","v","changer","v","","to change something, usually in a small way","change | modify | adjust","Climate change is altering rainfall patterns. | Minor alterations were made to the design.","alter the course of | significantly alter | make alterations","alteration (n) | unaltered (adj)","General Academic","2","AWL","5","alter","","altar","","AL-ter","The new road will change the character of the village.","change","alter",""
"annual","annual","adj","annual","ประจำปี","","年度","niándù","adj","annuel","adj","","happening once every year, or calculated over a year","yearly | once a year | twelve-monthly","The annual report shows a rise in profits. | Around 5,000 people die annually from the disease.","annual report | annual income | annual budget","annually (adv)","General Academic","2","AWL","4","annual","","","","AN-nu-al","","","",""
"apparent","apparent","adj","apparent","ชัดเจน/เห็นได้ชัด","","明显","míngxiǎn","adj","apparent","adj","","easy to see or understand; or seeming true although perhaps not","clear | obvious | evident","It soon became apparent that the plan would fail. | The patient apparently recovered but later fell ill again.","become apparent | for no apparent reason | apparently unaware","apparently (adv)","General Academic","2","AWL","4","apparent","","","","ap-PAR-ent","","","",""
"approximate","approximate","adj","approximate","โดยประมาณ","","大约","dàyuē","adj","approximatif","adj","","close to the exact figure but not completely accurate","rough | estimated | close","The approximate cost of the project is two million pounds. | Approximately 40 per cent of adults are overweight.","approximate cost | approximately equal | a rough approximation","approximately (adv) | approximation (n)","General Academic","2","AWL","4","approximate","","","","ap-PROX-i-mate","About 40 per cent of adults are overweight.","About","Approximately",""
"assign","assign","v","assign","มอบหมาย","","分派","fēnpài","v","assigner","v","","to give someone a job or task, or to send them to a place","allocate | give | appoint","Each nurse is assigned six patients. | Students must complete three written assignments.","assign a task | assigned to | written assignment","assignment (n)","General Academic","2","AWL","6","assign","","","","as-SIGN","","","",""
"attach","attach","v","attach","แนบ/ให้ความสำคัญ","","附上","fùshàng","v","attacher","v","","to fasten or join one thing to another; also to believe that something has importance","fasten | connect | join","Sensors were attached to each patient's chest. | Many people attach great importance to family life.","attach importance to | attached to | emotional attachment","attachment (n) | unattached (adj)","General Academic","2","AWL","6","attach","","","","at-TACH","","","",""
"attribute","attribute","n/v","attribute","คุณลักษณะ/ยกให้เป็นของ","","归因","guīyīn","v","attribuer","v","","to say that something is caused by something else; also a quality that someone has","ascribe | credit | characteristic","Doctors attribute the rise in asthma to air pollution. | Patience is an important attribute for nurses.","attribute to | key attribute | be attributed to","attribution (n)","General Academic","2","AWL","4","attribute","","","","at-TRIB-ute","","","",""
"augment","augment","v","augment","เพิ่มพูน","","扩充","kuòchōng","v","accroître","v","","to make something larger or greater by adding to it","increase | add to | supplement","Many nurses augment their income with extra shifts. | The medical team was augmented by volunteers.","augment income | augment supplies | augmented reality","augmentation (n)","General Academic","2","Topic","","","","","","aug-MENT","","","",""
"aware","aware","adj","aware","ตระหนัก/รู้ตัว","","知晓","zhīxiǎo","adj","conscient","adj","","knowing that something exists or is happening","conscious | informed | mindful","Many patients are not aware of the risks. | The campaign aims to raise awareness of mental illness.","aware of | raise awareness | fully aware","awareness (n) | unaware (adj)","General Academic","2","AWL","5","aware","","","","a-WARE","","","",""
"bond","bond","n","bond","ความผูกพัน/พันธะ","","纽带","niǔdài","n","lien","n","m","a close relationship between people; also a force that joins atoms together","tie | link | connection","The bond between mother and child forms early. | Chemical bonds hold molecules together.","strong bond | close bond | chemical bond","bonding (n)","General Academic","2","AWL","6","bond","","","","BOND","","","",""
"brief","brief","adj","brief","สั้นกระชับ","","简短","jiǎnduǎn","adj","bref","adj","","lasting only a short time, or using few words","short | concise | quick","The doctor gave a brief explanation of the procedure. | Journalists attended a briefing at the ministry.","brief summary | brief period | briefly describe","briefly (adv) | briefing (n)","General Academic","2","AWL","6","brief","","","","BRIEF","","","",""
"capable","capable","adj","capable","มีความสามารถ","","有能力","yǒu nénglì","adj","capable","adj","","having the skill or power to do something","competent | skilled | able","The new machine is capable of scanning the whole body in seconds. | The country lacks the capability to produce its own vaccines.","capable of | highly capable | military capability","capability (n) | incapable (adj)","General Academic","2","AWL","6","capable","","","","CA-pa-ble","","","",""
"capacity","capacity","n","capacity","ความจุ/ศักยภาพ","","容量","róngliàng","n","capacité","n","f","the amount something can hold or produce; also the power to do something","volume | capability | potential","The hospital is operating at full capacity. | Children have a remarkable capacity to learn.","full capacity | capacity to | storage capacity","","General Academic","2","AWL","5","capacity","","","","ca-PAC-i-ty","","","",""
"challenge","challenge","n/v","challenge","ความท้าทาย","","挑战","tiǎozhàn","n","défi","n","m","something difficult that tests your skill; also to question whether something is right","difficulty | test | problem","Ageing populations pose a major challenge for health systems. | Scientists challenged the findings of the earlier study.","face a challenge | major challenge | challenge the view","","General Academic","2","AWL","5","challenge","","","","CHAL-lenge","","","",""
"classic","classic","adj","classic","เป็นแบบฉบับ/คลาสสิก","","经典","jīngdiǎn","adj","classique","adj","","typical and a very good example of its kind; also admired for a long time","typical | standard | definitive","Fever and a dry cough are classic signs of the illness. | She studied classical music.","classic example | classic case | classical music","classical (adj)","General Academic","2","AWL","7","classic","","","","CLAS-sic","","","",""
"comprehensive","comprehensive","adj","comprehensive","ครอบคลุมรอบด้าน","","全面","quánmiàn","adj","complet","adj","","including all or almost all the details or parts of something","complete | thorough | full","The report gives a comprehensive review of cancer care. | Comprehensive schools accept pupils of all abilities.","comprehensive review | comprehensive study | comprehensive school","comprehensively (adv)","General Academic","2","AWL","7","comprehensive","","comprehension","","com-pre-HEN-sive","","","",""
"comprise","comprise","v","comprise","ประกอบด้วย","","包含","bāohán","v","comprendre","v","","to have particular parts or members","consist of | include | make up","The team comprises four doctors and six nurses. | Women comprise 70 per cent of the workforce.","be comprised of | comprises two parts | comprise the majority","","General Academic","2","AWL","7","comprise","","","","com-PRISE","","","",""
"concentrate","concentrate","v","concentrate","ตั้งสมาธิ/รวมตัวกัน","","集中","jízhōng","v","se concentrer","v","","to give all your attention to something; also to gather in one place","focus | gather | cluster","Patients who sleep badly find it hard to concentrate. | Concentrations of lead in the water were dangerously high.","concentrate on | concentration of | powers of concentration","concentration (n)","General Academic","2","AWL","4","concentrate","","","","CON-cen-trate","","","",""
"confirm","confirm","v","confirm","ยืนยัน","","确认","quèrèn","v","confirmer","v","","to show or say that something is definitely true or correct","verify | prove | establish","Tests confirmed that the patient had malaria. | Please wait for written confirmation of your appointment.","confirm the diagnosis | confirmed cases | written confirmation","confirmation (n)","General Academic","2","AWL","7","confirm","","","","con-FIRM","","","",""
"contact","contact","n/v","contact","ติดต่อ","","联系","liánxì","n","contact","n","m","communication with someone, or the state of touching something","touch | communication | connection","Patients should avoid contact with other people. | Please contact the clinic to book an appointment.","close contact | keep in contact | contact details","","General Academic","2","AWL","5","contact","","","","CON-tact","","","",""
"contrary","contrary","adj","contrary","ขัดกันกับ/ตรงข้าม","","相反","xiāngfǎn","adj","contraire","adj","","opposite in meaning, direction or opinion","opposite | conflicting | counter","Contrary to popular belief, bats are not blind. | The minister said the scheme worked, but the evidence suggests the contrary.","contrary to | on the contrary | evidence to the contrary","","General Academic","2","AWL","7","contrary","","","","CON-tra-ry","","","",""
"contrast","contrast","n","contrast","ความตรงกันข้าม","","对比","duìbǐ","n","contraste","n","m","a clear difference between two things","difference | distinction | opposition","There is a sharp contrast between rich and poor areas. | In contrast, rural hospitals are underfunded.","in contrast | by contrast | sharp contrast","","General Academic","2","AWL","4","contrast","","","","CON-trast","","","",""
"convert","convert","v","convert","แปลงสภาพ","","转换","zhuǎnhuàn","v","convertir","v","","to change something into a different form or use","change | transform | turn","The old factory was converted into flats. | Solar panels convert sunlight into electricity.","convert into | converted building | energy conversion","conversion (n) | convertible (adj)","General Academic","2","AWL","7","convert","","","","con-VERT","","","",""
"cooperate","cooperate","v","cooperate | co-operate","ร่วมมือ","","合作","hézuò","v","coopérer","v","","to work together with others to achieve something","collaborate | work together | assist","Hospitals must cooperate to share scarce equipment. | International cooperation is needed to fight disease.","cooperate with | international cooperation | fully cooperate","cooperation (n) | cooperative (adj)","General Academic","2","AWL","6","cooperate","","","","co-OP-er-ate","","","",""
"couple","couple","n","couple","คู่รัก/สองสาม","","夫妻","fūqī","n","couple","n","m","two people in a relationship; also a small number of things","pair | partners | two","Many couples delay having children. | Poor diet, coupled with lack of exercise, leads to obesity.","married couple | a couple of | coupled with","","General Academic","2","AWL","7","couple","","","","COU-ple","","","",""
"cycle","cycle","n","cycle","วัฏจักร","","循环","xúnhuán","n","cycle","n","m","a series of events that happen again and again in the same order","circle | pattern | rotation","The water cycle is driven by the sun. | Economic cycles affect employment.","life cycle | water cycle | vicious cycle","cyclical (adj) | cyclic (adj)","General Academic","2","AWL","4","cycle","","","","CY-cle","","","",""
"decade","decade","n","decade","ทศวรรษ","","十年","shí nián","n","décennie","n","f","a period of ten years","ten years | ten-year period | era","Life expectancy has risen over the past decade. | Obesity rates have doubled in two decades.","over the past decade | for decades | in recent decades","","General Academic","2","AWL","7","decade","","","","DEC-ade","","","",""
"decline","decline","v","decline","ลดลง/ปฏิเสธ","","下降","xiàjiàng","v","décliner","v","","to become smaller, weaker or worse; also to refuse politely","decrease | fall | refuse","Birth rates have declined in most rich countries. | There has been a steady decline in smoking.","sharp decline | decline in | rapidly declining","","General Academic","2","AWL","5","decline","","","","de-CLINE","","","",""
"dedicate","dedicate","v","dedicate","อุทิศ","","致力于","zhìlì yú","v","consacrer","v","","to give all your time and energy to a particular task or purpose","devote | commit | give","She dedicated her life to caring for the sick. | The nurses showed great dedication during the crisis.","dedicate your life to | dedicated staff | dedication to","dedication (n)","General Academic","2","Topic","","","","devote","","DED-i-cate","","","",""
"definite","definite","adj","definite","แน่นอนชัดเจน","","确定","quèdìng","adj","défini","adj","","certain and clear; not likely to change","certain | fixed | clear","There is no definite cure for the disease. | The trial has been postponed indefinitely.","definite answer | definitely not | postponed indefinitely","definitely (adv) | indefinitely (adv)","General Academic","2","AWL","7","definite","","","definate","DEF-i-nite","","","",""
"deny","deny","v","deny","ปฏิเสธว่าไม่จริง/ไม่ให้","","否认","fǒurèn","v","nier","v","","to say that something is not true; also to refuse to give someone something","refute | reject | contradict","The company denied that its product was unsafe. | Many refugees are denied access to health care.","deny the claim | strongly deny | in denial","denial (n) | undeniable (adj)","General Academic","2","AWL","7","deny","","","","de-NY","","","",""
"despite","despite","prep","despite","ทั้งๆ ที่","","尽管","jǐnguǎn","prep","malgré","prep","","without being prevented by something; even though something else is true","in spite of | although | regardless of","Despite the rain, thousands attended the festival. | Despite treatment, his condition worsened.","despite the fact that | despite this | despite efforts","","General Academic","2","AWL","4","despite","","","","de-SPITE","","","",""
"differentiate","differentiate","v","differentiate","แยกแยะความต่าง","","区分","qūfēn","v","différencier","v","","to see or show how things are not the same","distinguish | separate | tell apart","Doctors must differentiate between a cold and flu. | Product differentiation helps firms compete.","differentiate between | differentiate from | clearly differentiated","differentiation (n)","General Academic","2","AWL","7","differentiate","","","","dif-fer-EN-ti-ate","","","",""
"dimension","dimension","n","dimension","มิติ","","维度","wéidù","n","dimension","n","f","a measurement of length, width or height; also an aspect of a situation","aspect | feature | size","The problem has a social as well as a medical dimension. | Scientists produced a three-dimensional image of the virus.","new dimension | three-dimensional | social dimension","dimensional (adj)","General Academic","2","AWL","4","dimension","","","","di-MEN-sion","","","",""
"discrete","discrete","adj","discrete","แยกออกเป็นส่วน ๆ","","离散","lísàn","adj","discret","adj","","clearly separate from other things of the same type","separate | distinct | individual","The course is divided into discrete units. | Doctors have some discretion over which treatment to use.","discrete units | discrete categories | at the discretion of","discretion (n)","General Academic","2","AWL","5","discrete","","discreet","","dis-CRETE","","","","fr"
"display","display","n/v","display","แสดงออก/จัดแสดง","","展示","zhǎnshì","v","afficher","v","","to show something so that people can see it; also a screen that shows information","show | exhibit | reveal","Several patients displayed symptoms of fatigue. | Results appear on a digital display.","display symptoms | on display | digital display","","General Academic","2","AWL","6","display","","","","dis-PLAY","","","",""
"domain","domain","n","domain","แวดวง/สาขา","","领域","lǐngyù","n","domaine","n","m","an area of knowledge or activity; also an area controlled by someone","field | area | sphere","Medical research was once the domain of universities. | Some of the data are now in the public domain.","public domain | domain of | specific domain","","General Academic","2","AWL","6","domain","","","","do-MAIN","","","",""
"dynamic","dynamic","adj","dynamic","มีพลัง/เปลี่ยนแปลงตลอด","","动态","dòngtài","adj","dynamique","adj","","full of energy and new ideas; also always changing","energetic | lively | changing","The city has a dynamic economy. | Family dynamics change when a parent falls ill.","dynamic economy | dynamic process | group dynamics","dynamics (n) | dynamically (adv)","General Academic","2","AWL","7","dynamic","","","","dy-NAM-ic","","","",""
"elaborate","elaborate","v/adj","elaborate","ละเอียดประณีต/ขยายความ","","详细说明","xiángxì shuōmíng","v","élaborer","v","","to explain something in more detail; also detailed and complicated","expand on | develop | detailed","The minister refused to elaborate on the plan. | The patient described an elaborate daily routine.","elaborate on | elaborate design | further elaboration","elaboration (n)","General Academic","2","Topic","","","","","","e-LAB-o-rate","","","",""
"eliminate","eliminate","v","eliminate","กำจัดออก","","消除","xiāochú","v","éliminer","v","","to remove something completely","remove | eradicate | get rid of","Vaccination has almost eliminated polio. | The elimination of malaria is a global aim.","eliminate the need | completely eliminate | eliminate poverty","elimination (n)","General Academic","2","AWL","7","eliminate","","","","e-LIM-i-nate","The aim is to get rid of the disease by 2030.","get rid of","eliminate",""
"emerge","emerge","v","emerge","ปรากฏขึ้น","","出现","chūxiàn","v","émerger","v","","to come out, or to become known","appear | arise | surface","New evidence has emerged about the side effects. | The emergence of new diseases worries scientists.","emerge from | it emerged that | emerging markets","emergence (n) | emergent (adj)","General Academic","2","AWL","4","emerge","","","","e-MERGE","","","",""
"enable","enable","v","enable","ทำให้เป็นไปได้","","使能够","shǐ nénggòu","v","permettre","v","","to make it possible for someone to do something","allow | permit | make possible","New scanners enable doctors to detect tumours earlier. | The grant enabled the team to hire two more nurses.","enable someone to | enable access | technology-enabled","","General Academic","2","AWL","5","enable","","","","en-A-ble","The new scanner makes it possible for doctors to find tumours earlier.","makes it possible for","enables",""
"encompass","encompass","v","encompass","ครอบคลุมทั้งหมด","","涵盖","hángài","v","englober","v","","to include a wide range of things","include | cover | embrace","Public health encompasses nutrition, hygiene and vaccination. | The study encompasses data from twelve countries.","encompass a range of | broadly encompass | encompass everything","","General Academic","2","Topic","","","","","","en-COM-pass","","","",""
"endure","endure","v","endure","ทนทาน/อดทน","","忍受","rěnshòu","v","endurer","v","","to suffer something painful or difficult for a long time; also to last","tolerate | bear | withstand","Patients endured long waits for surgery. | Marathon runners need great endurance.","endure pain | endure hardship | physical endurance","endurance (n)","General Academic","2","Topic","","","","","","en-DURE","","","",""
"enhance","enhance","v","enhance","เสริมให้ดีขึ้น","","增强","zēngqiáng","v","renforcer","v","","to improve the quality, value or strength of something","improve | boost | strengthen","Regular exercise enhances memory. | The new software enhances image quality.","enhance performance | greatly enhanced | enhance the quality","enhancement (n)","General Academic","2","AWL","6","enhance","","","","en-HANCE","A good night's sleep can boost learning.","boost","enhance",""
"entity","entity","n","entity","หน่วยงาน/สิ่งที่มีตัวตน","","实体","shítǐ","n","entité","n","f","something that exists on its own, such as an organisation or a body","body | unit | organisation","The two hospitals now operate as a single entity. | Each company is a separate legal entity.","legal entity | separate entity | single entity","","General Academic","2","AWL","5","entity","","","","EN-ti-ty","","","",""
"equip","equip","v","equip","ติดตั้ง/เตรียมความพร้อม","","装备","zhuāngbèi","v","équiper","v","","to provide the tools or skills needed for a task","supply | provide | prepare","Ambulances are equipped with heart monitors. | The hospital urgently needs new equipment.","well equipped | equip with | medical equipment","equipment (n)","General Academic","2","AWL","7","equip","","","","e-QUIP","","","",""
"equivalent","equivalent","adj","equivalent","เทียบเท่า","","相当","xiāngdāng","adj","équivalent","adj","","equal in value, amount, meaning or importance","equal | comparable | corresponding","A pint is roughly equivalent to half a litre. | There is no exact English equivalent for the word.","equivalent to | roughly equivalent | the equivalent of","equivalence (n)","General Academic","2","AWL","5","equivalent","","","","e-QUIV-a-lent","","","",""
"error","error","n","error","ข้อผิดพลาด","","错误","cuòwù","n","erreur","n","f","a mistake","mistake | fault | inaccuracy","Human error caused the accident. | The report contained several erroneous figures.","human error | margin of error | make an error","erroneous (adj)","General Academic","2","AWL","4","error","","","","ER-ror","","","",""
"essential","essential","adj","essential","จำเป็นอย่างยิ่ง","","必不可少","bìbùkěshǎo","adj","essentiel","adj","","completely necessary; extremely important","vital | crucial | necessary","Clean water is essential for good health. | The two treatments are essentially the same.","absolutely essential | essential services | essentially the same","essentially (adv)","General Academic","2","Topic","","","","","","es-SEN-tial","","","",""
"exceed","exceed","v","exceed","เกินกว่า","","超过","chāoguò","v","dépasser","v","","to be greater than a number or amount, or to go beyond an allowed limit","surpass | go beyond | top","Demand for beds exceeded supply. | Pollution levels exceeded safe limits on ten days.","exceed the limit | far exceed | exceed expectations","","General Academic","2","AWL","6","exceed","","","excede","ex-CEED","The cost went beyond the original budget.","went beyond","exceeded",""
"expand","expand","v","expand","ขยาย","","扩大","kuòdà","v","étendre","v","","to become larger, or to make something larger","grow | enlarge | extend","The clinic has expanded its services. | The rapid expansion of cities threatens farmland.","expand rapidly | expand services | economic expansion","expansion (n) | expansive (adj)","General Academic","2","AWL","5","expand","","","","ex-PAND","The charity plans to extend its services to rural areas.","extend","expand",""
"expert","expert","n","expert","ผู้เชี่ยวชาญ","","专家","zhuānjiā","n","expert","n","m","a person with special knowledge or skill in a subject","specialist | authority | professional","Experts warn that the virus could spread further. | The hospital lacks expertise in child surgery.","leading expert | expert opinion | medical expertise","expertise (n)","General Academic","2","AWL","6","expert","","","","EX-pert","","","",""
"explicit","explicit","adj","explicit","ชัดเจนตรงไปตรงมา","","明确","míngquè","adj","explicite","adj","","clear and exact, leaving no doubt about the meaning","clear | direct | specific","Patients must give explicit consent before surgery. | The rules explicitly ban mobile phones on the wards.","explicit consent | explicit instructions | explicitly state","explicitly (adv)","General Academic","2","AWL","6","explicit","","implicit","","ex-PLIC-it","","","",""
"expose","expose","v","expose","เปิดเผย/ทำให้สัมผัส","","暴露","bàolù","v","exposer","v","","to put someone in a situation where they could be harmed; also to reveal something hidden","reveal | subject | uncover","Workers were exposed to dangerous chemicals. | Long exposure to noise can damage hearing.","exposed to | exposure to | expose the truth","exposure (n)","General Academic","2","AWL","5","expose","","","","ex-POSE","","","",""
"external","external","adj","external","ภายนอก","","外部","wàibù","adj","externe","adj","","coming from or happening outside a place, person or organisation","outside | outer | exterior","The report was checked by external experts. | The cream is for external use only.","external factors | external pressure | external examiner","externally (adv)","General Academic","2","AWL","5","external","","internal","","ex-TER-nal","","","",""
"extract","extract","v","extract","สกัดออก","","提取","tíqǔ","v","extraire","v","","to remove or take out something, often with effort","remove | draw out | obtain","Oil is extracted from beneath the seabed. | The dentist recommended an extraction.","extract from | extract information | oil extraction","extraction (n)","General Academic","2","AWL","7","extract","","","","ex-TRACT","","","",""
"facilitate","facilitate","v","facilitate","อำนวยความสะดวก","","推动","tuīdòng","v","faciliter","v","","to make an action or process easier","assist | ease | enable","New software facilitates communication between doctors. | The town lacks basic health facilities.","facilitate learning | facilitate access | sports facilities","facility (n) | facilitator (n)","General Academic","2","AWL","5","facilitate","","","","fa-CIL-i-tate","","","",""
"feasible","feasible","adj","feasible","เป็นไปได้ในทางปฏิบัติ","","可行","kěxíng","adj","réalisable","adj","","possible and practical to do","possible | practical | viable","It is not feasible to build a hospital in every village. | A feasibility study will be carried out first.","technically feasible | feasibility study | economically feasible","feasibility (n)","General Academic","2","Topic","","","","","","FEA-si-ble","The plan is not practical with current funding.","practical","feasible",""
"finite","finite","adj","finite","ที่มีที่สิ้นสุด","","有限","yǒuxiàn","adj","fini","adj","","having a limit or end","limited | restricted | bounded","Fossil fuels are a finite resource. | Some scientists believe the universe is infinite.","finite resources | finite number | finite supply","infinite (adj)","General Academic","2","AWL","7","finite","","","","FI-nite","","","",""
"flexible","flexible","adj","flexible","ยืดหยุ่น","","灵活","línghuó","adj","flexible","adj","","able to change easily to suit new situations; also able to bend","adaptable | adjustable | versatile","Flexible working hours help parents. | Stretching improves flexibility.","flexible working | flexible approach | greater flexibility","flexibility (n) | inflexible (adj)","General Academic","2","AWL","6","flexible","","","","FLEX-i-ble","","","",""
"foundation","foundation","n","foundation","รากฐาน","","基础","jīchǔ","n","fondement","n","m","the basic idea or support on which something is built; also an organisation that gives money","basis | base | groundwork","Good nutrition lays the foundation for lifelong health. | The research was funded by a charitable foundation.","lay the foundation | solid foundation | charitable foundation","","General Academic","2","AWL","7","foundation","","","","foun-DA-tion","","","",""
"fundamental","fundamental","adj","fundamental","พื้นฐานสำคัญ","","根本","gēnběn","adj","fondamental","adj","","forming the base from which everything else develops; basic and important","basic | essential | core","Clean water is a fundamental human right. | The system needs to be fundamentally reformed.","fundamental right | fundamental change | fundamentally different","fundamentally (adv)","General Academic","2","AWL","5","fundamental","","","","fun-da-MEN-tal","","","",""
"furthermore","furthermore","adv","furthermore","นอกจากนี้","","此外","cǐwài","adv","de plus","adv","","used to add information that supports what has just been said","moreover | in addition | besides","The drug is cheap. Furthermore, it has few side effects. | Furthermore, the study found no link with age.","furthermore, the | and furthermore | furthermore, it","","General Academic","2","AWL","6","furthermore","","","","FUR-ther-more","The drug is cheap. In addition, it is easy to store.","In addition","Furthermore",""
"generate","generate","v","generate","ก่อให้เกิด","","产生","chǎnshēng","v","générer","v","","to produce or create something, such as power or income","produce | create | cause","Wind farms generate electricity for thousands of homes. | Tourism generates much of the region's income.","generate electricity | generate income | generate interest","generator (n)","General Academic","2","AWL","5","generate","","","","GEN-er-ate","","","",""
"globe","globe","n","globe","โลก/ลูกโลก","","地球","dìqiú","n","globe","n","m","the world; also a round model of the earth","world | earth | planet","Diseases can travel across the globe within days. | Global warming is causing sea levels to rise.","across the globe | global warming | globalisation of trade","global (adj) | globally (adv) | globalisation (n)","General Academic","2","AWL","7","globe","","","","GLOBE","","","",""
"goal","goal","n","goal","เป้าหมาย","","目标","mùbiāo","n","but","n","m","something you hope to achieve","aim | target | objective","The main goal is to reduce infant deaths. | Countries have set goals for cutting emissions.","achieve a goal | long-term goal | set a goal","","General Academic","2","AWL","4","goal","","","","GOAL","","","",""
"grant","grant","n/v","grant","เงินทุนสนับสนุน/อนุญาต","","拨款","bōkuǎn","n","subvention","n","f","money given by a government or organisation for a particular purpose; also to allow","award | allow | permit","The team received a grant to study malaria. | Patients must grant permission before their records are used.","research grant | grant permission | take for granted","","General Academic","2","AWL","4","grant","","","","GRANT","","","",""
"guarantee","guarantee","v","guarantee","รับประกัน","","保证","bǎozhèng","v","garantir","v","","to promise that something will happen or is true","promise | ensure | assure","The law guarantees free treatment for children. | There is no guarantee that the drug will work.","no guarantee | guarantee success | money-back guarantee","","General Academic","2","AWL","7","guarantee","","","garantee | guarentee","guar-an-TEE","","","",""
"hence","hence","adv","hence","ดังนั้น","","因此","yīncǐ","adv","par conséquent","adv","","for this reason; as a result","therefore | thus | consequently","The drug is cheap and hence widely used. | Costs rose sharply, hence the need for cuts.","hence the need | and hence | hence the name","","General Academic","2","AWL","4","hence","","","","HENCE","The drug is cheap and therefore widely used.","therefore","hence",""
"hierarchy","hierarchy","n","hierarchy","ลำดับชั้น","","等级制度","děngjí zhìdù","n","hiérarchie","n","f","a system in which people or things are arranged by importance or power","ranking | order | chain of command","Hospitals have a strict hierarchy of staff. | Maslow's hierarchy of needs places food and safety first.","social hierarchy | hierarchy of needs | rigid hierarchy","hierarchical (adj)","General Academic","2","AWL","7","hierarchy","","","","HI-er-ar-chy","","","",""
"hinder","hinder","v","hinder","ขัดขวาง","","阻碍","zǔ'ài","v","entraver","v","","to make it difficult for something to happen or develop","obstruct | hamper | impede","A lack of funding hindered the research. | Language barriers can be a hindrance to good care.","hinder progress | hinder development | seriously hinder","hindrance (n)","General Academic","2","Topic","","","","","","HIN-der","","","",""
"identical","identical","adj","identical","เหมือนกันทุกประการ","","完全相同","wánquán xiāngtóng","adj","identique","adj","","exactly the same","same | alike | matching","Identical twins share the same genes. | The two tests produced identical results.","identical twins | almost identical | identical to","identically (adv)","General Academic","2","AWL","7","identical","","","","i-DEN-ti-cal","","","",""
"ignore","ignore","v","ignore","เพิกเฉย","","忽视","hūshì","v","ignorer","v","","to pay no attention to something or someone","disregard | overlook | neglect","Many people ignore the health warnings on cigarette packets. | Ignorance about the disease led to fear.","ignore the evidence | ignore warnings | widely ignored","ignorant (adj) | ignorance (n)","General Academic","2","AWL","6","ignorant","","","","ig-NORE","","","",""
"implement","implement","v","implement","นำไปปฏิบัติ","","实施","shíshī","v","mettre en place","v","","to put a plan or decision into action","carry out | execute | apply","The hospital implemented a new booking system. | Implementation of the policy has been slow.","implement a policy | fully implemented | implementation of","implementation (n)","General Academic","2","AWL","4","implement","","","","IM-ple-ment","The council will put the plan into action next year.","put the plan into action","implement the plan",""
"implication","implication","n","implication","นัยยะ/ผลที่ตามมา","","含义","hányì","n","implication","n","f","a possible effect or result of an action or decision","consequence | effect | significance","The findings have important implications for public health. | Several officials were implicated in the scandal.","implications for | serious implications | financial implications","implicate (v)","General Academic","2","AWL","4","implicate","","imply","","im-pli-CA-tion","","","",""
"incorporate","incorporate","v","incorporate","รวมเข้าไว้","","纳入","nàrù","v","incorporer","v","","to include something as part of a larger whole","include | integrate | contain","The new hospital incorporates a research centre. | Patients' views were incorporated into the plan.","incorporate into | incorporate ideas | fully incorporated","incorporation (n)","General Academic","2","AWL","6","incorporate","","","","in-COR-po-rate","","","",""
"index","index","n","index","ดัชนี","","指数","zhǐshù","n","indice","n","m","a number that shows the level of something compared with before; also an alphabetical list at the back of a book","indicator | measure | list","Body mass index is used to measure obesity. | Look up the term in the index.","body mass index | price index | index of","indices (n)","General Academic","2","AWL","6","index","","","","IN-dex","","","",""
"inference","inference","n","inference","การอนุมาน","","推论","tuīlùn","n","déduction","n","f","a conclusion reached from the evidence available","deduction | conclusion | assumption","The inference is that the drug caused the side effects. | Scientists can infer the age of a rock from its layers.","draw an inference | infer from | reasonable inference","infer (v)","General Academic","2","AWL","7","infer","","imply","","IN-fer-ence","","","",""
"inhibit","inhibit","v","inhibit","ยับยั้ง","","抑制","yìzhì","v","inhiber","v","","to slow down or prevent a process or activity","restrain | block | hinder","The drug inhibits the growth of cancer cells. | Fear can inhibit learning.","inhibit growth | inhibit the development of | enzyme inhibitor","inhibition (n) | inhibitor (n)","General Academic","2","AWL","6","inhibit","","","","in-HIB-it","","","",""
"initiate","initiate","v","initiate","ริเริ่ม","","发起","fāqǐ","v","lancer","v","","to start something, such as a process or plan","start | launch | begin","The government initiated a national screening programme. | The scheme began as a local initiative.","initiate a programme | take the initiative | government initiative","initiative (n) | initiation (n)","General Academic","2","AWL","6","initiate","","","","i-NI-ti-ate","The hospital launched a new screening scheme.","launched","initiated",""
"input","input","n","input","ความคิดเห็นที่ร่วมให้/ข้อมูลป้อนเข้า","","投入","tóurù","n","contribution","n","f","ideas, advice or effort put into something; also information put into a computer","contribution | advice | data","Nurses had little input into the new rota. | The model relies on accurate data input.","input into | valuable input | data input","","General Academic","2","AWL","6","input","","","","IN-put","","","",""
"insert","insert","v","insert","แทรกเข้าไป","","插入","chārù","v","insérer","v","","to put something into something else","put in | place | introduce","A small tube was inserted into the vein. | The clause was inserted into the contract at the last minute.","insert into | carefully inserted | insert a coin","insertion (n)","General Academic","2","AWL","7","insert","","","","in-SERT","","","",""
"integrate","integrate","v","integrate","บูรณาการ","","整合","zhěnghé","v","intégrer","v","","to combine things or people so that they work together as a whole","combine | merge | unite","The service integrates hospital and home care. | The integration of migrants takes time.","integrate into | fully integrated | social integration","integration (n)","General Academic","2","AWL","4","integrate","","","","IN-te-grate","","","",""
"intelligent","intelligent","adj","intelligent","ฉลาด","","聪明","cōngming","adj","intelligent","adj","","able to learn, understand and think quickly","clever | bright | smart","Dolphins are highly intelligent animals. | Artificial intelligence is changing medical diagnosis.","highly intelligent | artificial intelligence | intelligence test","intelligence (n)","General Academic","2","AWL","6","intelligent","","","","in-TEL-li-gent","","","",""
"internal","internal","adj","internal","ภายใน","","内部","nèibù","adj","interne","adj","","inside something, such as the body, a country or an organisation","inner | inside | domestic","The patient suffered internal bleeding. | An internal investigation found no wrongdoing.","internal organs | internal affairs | internal bleeding","internally (adv)","General Academic","2","AWL","4","internal","","external","","in-TER-nal","","","",""
"interval","interval","n","interval","ช่วงระยะ","","间隔","jiàngé","n","intervalle","n","m","a period of time or space between two events or points","gap | break | pause","Patients are checked at regular intervals. | The drug is taken at six-hour intervals.","at regular intervals | time interval | confidence interval","","General Academic","2","AWL","6","interval","","","","IN-ter-val","","","",""
"intervene","intervene","v","intervene","เข้าแทรกแซง","","干预","gānyù","v","intervenir","v","","to become involved in a situation in order to change or stop it","step in | interfere | mediate","The government intervened to lower drug prices. | Early intervention can prevent serious illness.","intervene in | early intervention | military intervention","intervention (n)","General Academic","2","AWL","7","intervene","","","","in-ter-VENE","","","",""
"intricate","intricate","adj","intricate","ซับซ้อนละเอียดอ่อน","","错综复杂","cuòzōng fùzá","adj","complexe","adj","","having many small parts arranged in a complicated way","complicated | detailed | elaborate","The brain contains an intricate network of nerves. | Surgeons must understand the intricacies of the heart.","intricate pattern | intricate details | intricate network","intricacy (n)","General Academic","2","Topic","","","","","","IN-tri-cate","","","",""
"isolate","isolate","v","isolate","แยกให้อยู่โดดเดี่ยว","","隔离","gélí","v","isoler","v","","to separate someone or something from others","separate | quarantine | cut off","Infected patients were isolated from others. | Loneliness and social isolation harm health.","social isolation | in isolation | isolated cases","isolation (n)","General Academic","2","AWL","7","isolate","","","","I-so-late","","","",""
"label","label","n","label","ป้ายกำกับ","","标签","biāoqiān","n","étiquette","n","f","a piece of paper on a product giving information about it; also a word used to describe someone, often unfairly","tag | sticker | description","Food labels must show the sugar content. | Children labelled as slow learners may lose confidence.","warning label | food labelling | labelled as","","General Academic","2","AWL","4","label","","","","LA-bel","","","",""
"logic","logic","n","logic","ตรรกะ","","逻辑","luójí","n","logique","n","f","a way of thinking in which ideas follow from each other in a reasonable way","reasoning | rationale | sense","The logic of the argument is hard to follow. | It is logical to test the cheapest treatment first.","the logic behind | logical conclusion | logical step","logical (adj) | logically (adv) | illogical (adj)","General Academic","2","AWL","5","logic","","","","LOG-ic","","","",""
"margin","margin","n","margin","ส่วนเผื่อ/ขอบ","","差额","chā'é","n","marge","n","f","the difference between two amounts; also the empty space at the side of a page","difference | edge | gap","The new drug won by a narrow margin in the trial. | Poor communities are often marginalised.","narrow margin | margin of error | profit margin","marginal (adj) | marginally (adv) | marginalise (v)","General Academic","2","AWL","5","margin","","","","MAR-gin","","","",""
"minimum","minimum","n","minimum","ขั้นต่ำ","","最低限度","zuìdī xiàndù","n","minimum","n","m","the smallest amount or level that is possible or allowed","lowest | least | smallest","The minimum wage rose by five per cent. | Patients should wait a minimum of two weeks between doses.","minimum wage | a minimum of | bare minimum","","General Academic","2","AWL","6","minimum","","maximum","","MIN-i-mum","","","",""
"mode","mode","n","mode","รูปแบบวิธีการ/โหมด","","模式","móshì","n","mode","n","m","a particular way of doing something, or a setting on a machine","method | form | manner","Cycling is the cheapest mode of transport. | The camera switches to night mode automatically.","mode of transport | mode of delivery | survival mode","","General Academic","2","AWL","7","mode","","","","MODE","","","",""
"modify","modify","v","modify","ดัดแปลง","","修改","xiūgǎi","v","modifier","v","","to change something slightly to improve it or make it suitable","alter | adapt | change","Genetically modified crops are banned in some countries. | The design needed minor modifications.","genetically modified | slightly modified | modify behaviour","modification (n)","General Academic","2","AWL","5","modify","","","","MOD-i-fy","","","",""
"monitor","monitor","v","monitor","เฝ้าติดตาม","","监测","jiāncè","v","surveiller","v","","to watch or check something carefully over a period of time","track | observe | check","Nurses monitor patients' heart rates through the night. | Air quality is monitored at twenty sites.","closely monitor | monitor progress | heart monitor","","General Academic","2","AWL","5","monitor","","","","MON-i-tor","Staff keep a close eye on each patient's breathing.","keep a close eye on","closely monitor",""
"motive","motive","n","motive","แรงจูงใจ","","动机","dòngjī","n","motif","n","m","a reason for doing something","reason | incentive | purpose","Profit was the main motive for the merger. | Patients need strong motivation to change their diet.","main motive | financial motive | lack of motivation","motivate (v) | motivation (n)","General Academic","2","AWL","6","motive","","","","MO-tive","","","",""
"neutral","neutral","adj","neutral","เป็นกลาง","","中立","zhōnglì","adj","neutre","adj","","not supporting either side in an argument or war","impartial | unbiased | objective","Doctors should remain neutral in political disputes. | The chemical neutralises acids.","remain neutral | neutral position | carbon neutral","neutrality (n) | neutralise (v)","General Academic","2","AWL","6","neutral","","","","NEU-tral","","","",""
"nevertheless","nevertheless","adv","nevertheless","อย่างไรก็ตาม","","然而","rán'ér","adv","néanmoins","adv","","in spite of what has just been said","however | even so | still","The treatment is expensive. Nevertheless, it saves lives. | The risk is small but nevertheless real.","but nevertheless | nevertheless true | nevertheless important","","General Academic","2","AWL","6","nevertheless","","","","nev-er-the-LESS","","","",""
"notion","notion","n","notion","ความคิดความเข้าใจ","","观念","guānniàn","n","notion","n","f","an idea or belief about something","idea | concept | belief","The notion that vitamins prevent colds is not supported by evidence. | A four-day working week is no longer a strange notion.","the notion that | reject the notion | vague notion","notional (adj)","General Academic","2","AWL","5","notion","","","","NO-tion","","","",""
"nuance","nuance","n","nuance","ความแตกต่างเล็กน้อย","","细微差别","xìwēi chābié","n","nuance","n","f","a very slight difference in meaning, sound or feeling","subtlety | shade | distinction","Translators must capture every nuance of the original. | The report takes a nuanced view of the problem.","subtle nuance | nuanced view | nuances of meaning","nuanced (adj)","General Academic","2","Topic","","","","","","NU-ance","","","",""
"objective","objective","n/adj","objective","วัตถุประสงค์/ไม่ลำเอียง","","目的","mùdì","n","objectif","n/adj","m","an aim you are trying to achieve; also based on facts rather than feelings","aim | goal | impartial","The main objective of the study is to test a new vaccine. | Journalists should report the news objectively.","main objective | objective evidence | achieve an objective","objectively (adv) | objectivity (n)","General Academic","2","AWL","5","objective","","","","ob-JEC-tive","","","",""
"obvious","obvious","adj","obvious","ชัดแจ้ง","","显而易见","xiǎn'éryìjiàn","adj","évident","adj","","easy to see or understand","clear | evident | plain","The benefits of exercise are obvious. | Obviously, not every patient responds to treatment.","obvious reason | obvious choice | fairly obvious","obviously (adv)","General Academic","2","AWL","4","obvious","","","","OB-vi-ous","","","",""
"occupy","occupy","v","occupy","ครอบครอง/ใช้พื้นที่","","占据","zhànjù","v","occuper","v","","to fill a space or time; also to live in or take control of a place","fill | inhabit | take up","Most hospital beds are occupied by elderly patients. | Occupational therapy helps patients return to work.","occupy a position | occupational health | fully occupied","occupation (n) | occupant (n) | occupational (adj)","General Academic","2","AWL","4","occupy","","","","OC-cu-py","","","",""
"option","option","n","option","ตัวเลือก","","选项","xuǎnxiàng","n","option","n","f","something you can choose to do","choice | alternative | possibility","Surgery is not the only option. | The course includes several optional modules.","treatment option | the best option | optional extra","optional (adj) | opt (v)","General Academic","2","AWL","4","option","","","","OP-tion","","","",""
"orient","orient","v","orient","มุ่งเน้นไปที่/ปรับทิศทาง","","定向","dìngxiàng","v","orienter","v","","to aim something at a particular group or purpose; also to find your position","direct | aim | position","The course is oriented towards practical skills. | New students attend an orientation week.","oriented towards | orientation programme | sexual orientation","orientation (n) | orientate (v) | disorientated (adj)","General Academic","2","AWL","5","orient","","","","O-ri-ent","","","",""
"overall","overall","adj","overall","โดยรวม","","总体","zǒngtǐ","adj","global","adj","","including everything; in general","general | total | on the whole","Overall, the health of the population has improved. | The overall cost of care is rising.","overall cost | overall effect | overall picture","","General Academic","2","AWL","4","overall","","","","O-ver-all","On the whole, the results were encouraging.","On the whole","Overall",""
"overseas","overseas","adj","overseas","ต่างประเทศ","","海外","hǎiwài","adj","étranger","adj","","in or to a foreign country, especially one across the sea","abroad | foreign | international","Many nurses are recruited from overseas. | Overseas students pay higher fees.","overseas students | work overseas | overseas aid","","General Academic","2","AWL","6","overseas","","","","o-ver-SEAS","","","",""
"paradigm","paradigm","n","paradigm","กระบวนทัศน์","","范式","fànshì","n","paradigme","n","m","a model or set of ideas that shapes how people think about something","model | framework | pattern","The discovery caused a paradigm shift in medicine. | The old paradigm of treatment focused only on the body.","paradigm shift | new paradigm | dominant paradigm","","General Academic","2","AWL","7","paradigm","","","","PAR-a-digm","","","",""
"parallel","parallel","adj","parallel","ขนาน/คล้ายคลึง","","平行","píngxíng","adj","parallèle","adj","","similar and happening at the same time; also describing lines that stay the same distance apart","similar | comparable | corresponding","The two studies ran in parallel. | Historians draw parallels between the two epidemics.","in parallel | draw a parallel | parallel lines","unparalleled (adj)","General Academic","2","AWL","4","parallel","","","","PAR-al-lel","","","",""
"perspective","perspective","n","perspective","มุมมอง","","视角","shìjiǎo","n","perspective","n","f","a particular way of thinking about something","viewpoint | outlook | angle","The book looks at the war from a child's perspective. | Travel can give you a new perspective on life.","from a perspective | different perspective | put into perspective","","General Academic","2","AWL","5","perspective","","","","per-SPEC-tive","","","",""
"phase","phase","n","phase","ระยะ/ขั้นตอน","","阶段","jiēduàn","n","phase","n","f","a stage in a process of change or development","stage | step | period","The drug is now in the final phase of testing. | Coal power will be phased out by 2030.","first phase | final phase | phase out","","General Academic","2","AWL","4","phase","","","","PHASE","","","",""
"phenomenon","phenomenon","n","phenomenon","ปรากฏการณ์","","现象","xiànxiàng","n","phénomène","n","m","an event or fact that can be observed, especially an unusual one","event | occurrence | happening","Loneliness is a growing phenomenon among young people. | Scientists study natural phenomena such as lightning.","natural phenomenon | social phenomenon | a global phenomenon","phenomena (n)","General Academic","2","AWL","7","phenomenon","","","","phe-NOM-e-non","","","",""
"precede","precede","v","precede","เกิดขึ้นก่อน","","先于","xiānyú","v","précéder","v","","to happen or come before something else","come before | go before | lead up to","Heavy rain preceded the landslide. | The virus spread at an unprecedented rate.","preceding year | unprecedented levels | set a precedent","precedent (n) | unprecedented (adj)","General Academic","2","AWL","6","precede","","proceed","","pre-CEDE","","","",""
"precise","precise","adj","precise","ละเอียดแน่ชัด","","精确","jīngquè","adj","précis","adj","","exact in every detail, with nothing vague","exact | accurate | specific","The precise cause of the disease is unknown. | Surgeons work with great precision.","precise details | precisely because | with precision","precisely (adv) | precision (n) | imprecise (adj)","General Academic","2","AWL","5","precise","","","","pre-CISE","","","",""
"predict","predict","v","predict","ทำนาย","","预测","yùcè","v","prédire","v","","to say that something will happen before it happens","forecast | foresee | anticipate","Scientists predict that sea levels will rise. | The weather is becoming increasingly unpredictable.","predict the future | accurately predict | difficult to predict","prediction (n) | predictable (adj) | unpredictable (adj)","General Academic","2","AWL","4","predict","","","","pre-DICT","Experts forecast that prices will rise next year.","forecast","predict",""
"presume","presume","v","presume","ถือเอาว่า","","推定","tuīdìng","v","présumer","v","","to think that something is true because it is likely, without being certain","assume | suppose | believe","The missing climbers are presumed dead. | Presumably, the results will be published next year.","presumed innocent | presumed dead | it is presumed that","presumably (adv) | presumption (n)","General Academic","2","AWL","6","presume","","assume","","pre-SUME","","","",""
"prime","prime","adj","prime","สำคัญที่สุด/ชั้นเยี่ยม","","首要","shǒuyào","adj","principal","adj","","main or most important; also of the best quality","main | chief | leading","Smoking is the prime cause of lung cancer. | The hotel is in a prime location.","prime example | prime minister | prime location","","General Academic","2","AWL","5","prime","","","","PRIME","","","",""
"prior","prior","adj","prior","ล่วงหน้า/ก่อนหน้านั้น","","事先","shìxiān","adj","préalable","adj","","happening or existing before something else","previous | earlier | former","No prior experience is required. | Patients must not eat prior to surgery.","prior to | prior experience | prior knowledge","","General Academic","2","AWL","4","prior","","priority","","PRI-or","","","",""
"priority","priority","n","priority","ลำดับความสำคัญ","","优先事项","yōuxiān shìxiàng","n","priorité","n","f","something more important than other things that needs attention first","precedence | first concern | preference","Patient safety is the hospital's top priority. | Doctors must prioritise the most urgent cases.","top priority | high priority | prioritise needs","prioritise (v)","General Academic","2","AWL","7","priority","","prior","","pri-OR-i-ty","","","",""
"project","project","n","project","โครงการ","","项目","xiàngmù","n","projet","n","m","a planned piece of work with a particular aim","scheme | plan | programme","The project aims to provide clean water to 50 villages. | Population projections suggest the city will double in size.","research project | pilot project | carry out a project","projection (n)","General Academic","2","AWL","4","project","","","","PROJ-ect","","","",""
"pursue","pursue","v","pursue","มุ่งติดตาม/ไล่ตาม","","追求","zhuīqiú","v","poursuivre","v","","to try to achieve something over a long period; also to chase","follow | seek | chase","She left her job to pursue a career in medicine. | The pursuit of happiness is a basic human goal.","pursue a career | pursue a goal | in pursuit of","pursuit (n)","General Academic","2","AWL","5","pursue","","","","pur-SUE","","","",""
"ratio","ratio","n","ratio","อัตราส่วน","","比率","bǐlǜ","n","ratio","n","m","the relationship between two amounts, shown as two numbers","proportion | rate | relationship","The ratio of nurses to patients is one to eight. | The school has a low staff-to-student ratio.","the ratio of | high ratio | pupil-teacher ratio","","General Academic","2","AWL","5","ratio","","","","RA-ti-o","","","",""
"rational","rational","adj","rational","มีเหตุผล","","理性","lǐxìng","adj","rationnel","adj","","based on clear thought and reason rather than emotion","logical | reasonable | sensible","Patients should make rational decisions about treatment. | Fear of flying is often irrational.","rational decision | rational choice | irrational fear","rationality (n) | rationally (adv) | irrational (adj)","General Academic","2","AWL","6","rational","","","","RA-tion-al","","","",""
"reject","reject","v","reject","ปฏิเสธไม่ยอมรับ","","拒绝","jùjué","v","rejeter","v","","to refuse to accept, believe or agree to something","refuse | turn down | dismiss","The committee rejected the proposal. | Fear of rejection stops many people from applying.","reject a proposal | reject the idea | firmly reject","rejection (n)","General Academic","2","AWL","5","reject","","","","re-JECT","The board turned down the plan for a new ward.","turned down","rejected",""
"release","release","v","release","ปล่อย/เผยแพร่","","释放","shìfàng","v","libérer","v","","to let someone or something go free; also to make something available to the public","free | let out | publish","Factories released toxic gases into the air. | The government released new figures on obesity.","release data | released from hospital | press release","","General Academic","2","AWL","7","release","","","","re-LEASE","","","",""
"resolve","resolve","v","resolve","คลี่คลาย/แก้ไขปัญหา","","解决","jiějué","v","résoudre","v","","to find a solution to a problem or disagreement","settle | solve | fix","The dispute was resolved through talks. | The United Nations passed a resolution on climate change.","resolve a problem | resolve a dispute | conflict resolution","resolution (n) | unresolved (adj)","General Academic","2","AWL","4","resolve","","","","re-SOLVE","The two sides finally settled their dispute.","settled","resolved",""
"retain","retain","v","retain","คงไว้","","保留","bǎoliú","v","conserver","v","","to keep something or continue to have it","keep | preserve | hold on to","The village has retained its traditional character. | Staff retention is a problem in rural hospitals.","retain staff | retain control | staff retention","retention (n)","General Academic","2","AWL","4","retain","","","","re-TAIN","The town has kept its old character.","kept","retained",""
"reveal","reveal","v","reveal","เผยให้เห็น","","揭示","jiēshì","v","révéler","v","","to make something known that was secret or hidden","disclose | show | uncover","Tests revealed high levels of lead in the water. | The revelation shocked the public.","reveal the truth | tests reveal | a study revealed","revelation (n)","General Academic","2","AWL","6","reveal","","","","re-VEAL","The survey showed that most nurses work unpaid overtime.","showed","revealed",""
"reverse","reverse","v","reverse","ย้อนกลับ","","逆转","nìzhuǎn","v","inverser","v","","to change something to its opposite, or to undo it","undo | overturn | invert","Some damage to the liver can be reversed. | Climate change may cause irreversible harm.","reverse the trend | irreversible damage | in reverse","reversal (n) | reversible (adj) | irreversible (adj)","General Academic","2","AWL","7","reverse","","","","re-VERSE","","","",""
"scope","scope","n","scope","ขอบเขต","","范围","fànwéi","n","portée","n","f","the range of things that a subject or activity deals with; also opportunity","range | extent | reach","The study was limited in scope. | There is scope for improvement in hospital hygiene.","scope for | within the scope of | broad scope","","General Academic","2","AWL","6","scope","","","","SCOPE","","","",""
"sole","sole","adj","sole","เพียงอย่างเดียว","","唯一","wéiyī","adj","seul","adj","","only; being the one and only","only | single | exclusive","Tourism is the island's sole source of income. | The decision was based solely on cost.","sole purpose | sole responsibility | solely responsible","solely (adv)","General Academic","2","AWL","7","sole","","","","SOLE","","","",""
"somewhat","somewhat","adv","somewhat","ค่อนข้าง","","有点","yǒudiǎn","adv","quelque peu","adv","","to some degree; rather","rather | fairly | slightly","The results were somewhat disappointing. | Prices have fallen somewhat since last year.","somewhat different | somewhat surprising | somewhat higher","","General Academic","2","AWL","7","somewhat","","","","SOME-what","The results were rather disappointing.","rather","somewhat",""
"stable","stable","adj","stable","มั่นคง","","稳定","wěndìng","adj","stable","adj","","not likely to change or move","steady | secure | balanced","The patient's condition is now stable. | Economic stability encourages investment.","stable condition | remain stable | political stability","stability (n) | stabilise (v) | unstable (adj) | instability (n)","General Academic","2","AWL","5","stable","","","","STA-ble","","","",""
"style","style","n","style","รูปแบบ/สไตล์","","风格","fēnggé","n","style","n","m","a particular way of doing, making or presenting something","manner | approach | fashion","Teaching styles vary between schools. | The report is written in a clear, simple style.","leadership style | writing style | style of teaching","stylistic (adj)","General Academic","2","AWL","5","style","","","","STYLE","","","",""
"submit","submit","v","submit","ยื่นส่ง/ยอมจำนน","","提交","tíjiāo","v","soumettre","v","","to give a document or plan to someone for them to consider; also to accept someone's authority","hand in | present | send","Students must submit their essays by Friday. | The deadline for submissions has been extended.","submit an application | submit a proposal | late submission","submission (n)","General Academic","2","AWL","7","submit","","","","sub-MIT","Please hand in the form before Friday.","hand in","submit",""
"subsequent","subsequent","adj","subsequent","ที่ตามมาภายหลัง","","随后","suíhòu","adj","ultérieur","adj","","happening after something else","later | following | ensuing","The illness and the subsequent treatment left her weak. | He was arrested and subsequently released.","subsequent years | subsequent events | subsequently found","subsequently (adv)","General Academic","2","AWL","4","subsequent","","consequent","","SUB-se-quent","","","",""
"substitute","substitute","n","substitute","สิ่งทดแทน","","替代品","tìdàipǐn","n","substitut","n","m","a person or thing used instead of another","replacement | alternative | stand-in","Sugar substitutes are used in many soft drinks. | Online lessons cannot fully substitute for classroom teaching.","substitute for | a poor substitute | sugar substitute","substitution (n)","General Academic","2","AWL","5","substitute","","","","SUB-sti-tute","","","",""
"successor","successor","n","successor","ผู้สืบทอด","","继任者","jìrènzhě","n","successeur","n","m","a person or thing that comes after another and takes their place","heir | replacement | follower","The minister's successor promised more health funding. | The drug was tested over three successive years.","successor to | natural successor | successive governments","succession (n) | successive (adj)","General Academic","2","AWL","7","successor","","","","suc-CES-sor","","","",""
"sum","sum","n","sum","ผลรวม/จำนวนเงิน","","总和","zǒnghé","n","somme","n","f","an amount of money, or the total when numbers are added together","amount | total | figure","The hospital spent a large sum on new equipment. | The sum of the two figures is 120.","large sum | sum of money | lump sum","summation (n)","General Academic","2","AWL","4","sum","","","","SUM","","","",""
"summary","summary","n","summary","บทสรุปย่อ","","摘要","zhāiyào","n","résumé","n","m","a short account giving the main points of something","outline | overview | abstract","A brief summary appears at the start of the report. | The doctor summarised the patient's history.","brief summary | in summary | summarise the findings","summarise (v)","General Academic","2","AWL","4","summary","","","","SUM-ma-ry","","","",""
"survive","survive","v","survive","อยู่รอด","","幸存","xìngcún","v","survivre","v","","to continue to live or exist, especially after danger","live on | endure | outlast","Only half of the patients survived the operation. | Survival rates for breast cancer have improved.","survive an attack | survival rate | struggle to survive","survival (n) | survivor (n)","General Academic","2","AWL","7","survive","","","","sur-VIVE","","","",""
"symbol","symbol","n","symbol","สัญลักษณ์","","符号","fúhào","n","symbole","n","m","a sign, shape or object that represents something else","sign | emblem | icon","The red cross is a symbol of medical help. | The new hospital symbolises hope for the region.","a symbol of | status symbol | symbolic gesture","symbolic (adj) | symbolise (v)","General Academic","2","AWL","5","symbol","","","","SYM-bol","","","",""
"target","target","n","target","เป้าที่ตั้งไว้","","指标","zhǐbiāo","n","cible","n","f","a level or result that you plan to reach; also a person or thing that is aimed at","goal | aim | objective","The government missed its target for waiting times. | Adverts for fast food often target children.","meet a target | target audience | set a target","","General Academic","2","AWL","5","target","","","","TAR-get","","","",""
"topic","topic","n","topic","หัวข้อ","","话题","huàtí","n","sujet","n","m","a subject that people talk or write about","subject | theme | issue","Mental health is a popular topic of discussion. | The programme covers topical issues.","topic of discussion | hot topic | topical issue","topical (adj)","General Academic","2","AWL","7","topic","","","","TOP-ic","","","",""
"trace","trace","n/v","trace","สืบย้อน/ร่องรอย","","追溯","zhuīsù","v","retracer","v","","to find the origin of something by following its history; also a very small amount","track | find | hint","Doctors traced the outbreak to a single restaurant. | Traces of the drug were found in his blood.","trace back to | trace amounts | without trace","traceable (adj)","General Academic","2","AWL","6","trace","","","","TRACE","","","",""
"transform","transform","v","transform","เปลี่ยนโฉม","","改造","gǎizào","v","transformer","v","","to change something completely, usually for the better","change | convert | revolutionise","Vaccines transformed child health in the twentieth century. | The city has undergone a dramatic transformation.","transform lives | completely transformed | dramatic transformation","transformation (n)","General Academic","2","AWL","6","transform","","","","trans-FORM","","","",""
"trend","trend","n","trend","แนวโน้ม","","趋势","qūshì","n","tendance","n","f","a general direction in which something is changing","tendency | pattern | movement","There is a growing trend towards home working. | The chart shows a downward trend in obesity.","a growing trend | current trends | upward trend","","General Academic","2","AWL","5","trend","","","","TREND","","","",""
"ultimately","ultimately","adv","ultimately","ในที่สุด","","最终","zuìzhōng","adv","finalement","adv","","finally, after a long process","finally | eventually | in the end","Ultimately, the decision rests with the patient. | The ultimate aim is to wipe out the disease.","ultimately responsible | ultimate goal | ultimately decide","ultimate (adj)","General Academic","2","AWL","7","ultimate","","eventually","","UL-ti-mate-ly","","","",""
"underlie","underlie","v","underlie","อยู่เบื้องหลัง/เป็นรากฐาน","","构成基础","gòuchéng jīchǔ","v","sous-tendre","v","","to be the real cause or basis of something","cause | form the basis of | explain","Poverty underlies many health problems. | Doctors are searching for the underlying cause.","underlying cause | underlying problem | underlie the decision","underlying (adj)","General Academic","2","AWL","6","underlie","","","","un-der-LIE","","","",""
"undertake","undertake","v","undertake","รับดำเนินการ","","承担","chéngdān","v","entreprendre","v","","to agree to do a task, or to start a piece of work","carry out | take on | embark on","The team plans to undertake a detailed study of the virus. | Building a new hospital is a major undertaking.","undertake research | undertake a study | a major undertaking","undertaking (n)","General Academic","2","AWL","4","undertake","","","","un-der-TAKE","","","",""
"unique","unique","adj","unique","เป็นหนึ่งเดียว/เฉพาะตัว","","独特","dútè","adj","unique","adj","","being the only one of its kind; unlike anything else","one of a kind | distinctive | singular","Every patient's situation is unique. | The island has a unique ecosystem.","unique opportunity | unique to | uniquely placed","uniquely (adv) | uniqueness (n)","General Academic","2","AWL","7","unique","","","","u-NIQUE","","","",""
"utilise","utilise","v","utilise | utilize","ใช้ประโยชน์","","利用","lìyòng","v","utiliser","v","","to use something in an effective way","use | employ | make use of","The hospital fails to utilise its operating theatres fully. | Public utilities such as water and power were cut.","fully utilise | utilise resources | public utilities","utilisation (n) | utility (n)","General Academic","2","AWL","6","utilise","","","","U-ti-lise","","","",""
"version","version","n","version","ฉบับ/รุ่น","","版本","bǎnběn","n","version","n","f","a form of something that is slightly different from other forms of it","edition | form | variant","The latest version of the software fixes several errors. | Each witness gave a different version of events.","latest version | updated version | a version of events","","General Academic","2","AWL","5","version","","","","VER-sion","","","",""
"visible","visible","adj","visible","มองเห็นได้","","可见","kějiàn","adj","visible","adj","","able to be seen","noticeable | apparent | observable","The damage was clearly visible from the air. | Many illnesses are invisible to others.","clearly visible | highly visible | visible signs","visibility (n) | invisible (adj)","General Academic","2","AWL","7","visible","","","","VIS-i-ble","","","",""
"whereas","whereas","conj","whereas","ในขณะที่","","而","ér","conj","alors que","conj","","used to compare two facts and show how they are different","while | although | but","Some patients recover quickly, whereas others need months. | Men often ignore pain, whereas women are more likely to seek help.","whereas others | whereas in the past | whereas most","","General Academic","2","AWL","5","whereas","","","","where-AS","","","",""
"addiction","addiction","n","addiction","การเสพติด","","成瘾","chéngyǐn","n","dépendance","n","f","a strong need to keep taking a drug or doing an activity that is harmful","dependence | habit | craving","Addiction to gambling can destroy families. | Nicotine is highly addictive.","drug addiction | highly addictive | addicted to","addict (n) | addictive (adj)","Health","2","Topic","","","","","","ad-DIC-tion","","","",""
"allergy","allergy","n","allergy","ภูมิแพ้","","过敏","guòmǐn","n","allergie","n","f","a medical condition in which the body reacts badly to something such as a food or pollen","sensitivity | hypersensitivity | reaction","Peanut allergies are becoming more common in children. | She is allergic to penicillin.","food allergy | allergic reaction | allergic to","allergic (adj)","Health","2","Topic","","","","","","AL-ler-gy","","","",""
"antibiotic","antibiotic","n","antibiotic","ยาปฏิชีวนะ","","抗生素","kàngshēngsù","n","antibiotique","n","m","a medicine that kills bacteria or stops them from growing","antibacterial drug | medicine | penicillin","Antibiotics do not work against viruses. | Overuse of antibiotics has created resistant bacteria.","prescribe antibiotics | antibiotic resistance | a course of antibiotics","","Health","2","Topic","","","","","","an-ti-bi-OT-ic","","","",""
"anxiety","anxiety","n","anxiety","ความวิตกกังวล","","焦虑","jiāolǜ","n","anxiété","n","f","a feeling of worry or nervousness about what might happen","worry | nervousness | unease","Exam anxiety affects many students. | Patients are often anxious before surgery.","anxiety disorder | feelings of anxiety | anxious about","anxious (adj)","Health","2","Topic","","","","","","anx-I-e-ty","","","",""
"chronic","chronic","adj","chronic","เรื้อรัง","","慢性","mànxìng","adj","chronique","adj","","lasting for a long time or coming back often, especially of an illness","long-term | persistent | lasting","Chronic back pain affects millions of workers. | The hospital is chronically understaffed.","chronic illness | chronic pain | chronic disease","chronically (adv)","Health","2","Topic","","","","acute","","CHRON-ic","Long-term pain can lead to depression.","Long-term","Chronic",""
"consult","consult","v","consult","ปรึกษา","","咨询","zīxún","v","consulter","v","","to ask an expert for advice or information","ask | seek advice | confer","Patients should consult a doctor before taking the drug. | She works as a consultant in a London hospital.","consult a doctor | public consultation | senior consultant","consultant (n) | consultation (n) | consultancy (n)","Health","2","AWL","5","consult","","","","con-SULT","Anyone with chest pain should see a doctor at once.","see a doctor","consult a doctor",""
"contagious","contagious","adj","contagious","ติดต่อได้ง่าย","","有传染性","yǒu chuánrǎnxìng","adj","contagieux","adj","","spread by close contact between people","infectious | catching | transmissible","Measles is one of the most contagious diseases. | Laughter can be contagious.","highly contagious | contagious disease | contagious virus","contagion (n)","Health","2","Topic","","","","","","con-TA-gious","","","",""
"dementia","dementia","n","dementia","ภาวะสมองเสื่อม","","痴呆症","chīdāizhèng","n","démence","n","f","a serious illness of the brain, common in old age, that causes loss of memory","memory loss | senility | mental decline","Dementia affects millions of older people. | Families often care for relatives with dementia.","suffer from dementia | dementia care | early-onset dementia","","Health","2","Topic","","","","","","de-MEN-tia","","","",""
"depress","depress","v","depress","ทำให้หดหู่/ทำให้ลดลง","","使沮丧","shǐ jǔsàng","v","déprimer","v","","to make someone feel very unhappy; also to reduce the level of something","sadden | discourage | lower","Long hospital stays can depress patients. | Depression affects one in five adults at some point.","clinical depression | suffer from depression | depressed patients","depression (n) | depressive (adj)","Health","2","AWL","10","depress","","","","de-PRESS","","","",""
"deteriorate","deteriorate","v","deteriorate","เสื่อมถอยลง","","恶化","èhuà","v","se détériorer","v","","to become worse","worsen | decline | degenerate","The patient's condition deteriorated overnight. | Air quality has deteriorated in many cities.","rapidly deteriorate | deteriorating health | further deterioration","deterioration (n)","Health","2","Topic","","","","","","de-TE-ri-o-rate","","","",""
"diabetes","diabetes","n","diabetes","โรคเบาหวาน","","糖尿病","tángniàobìng","n","diabète","n","m","a disease in which the body cannot control the level of sugar in the blood","blood sugar disorder | metabolic disease | sugar disease","Type 2 diabetes is closely linked to obesity. | Diabetic patients must watch their diet.","type 2 diabetes | develop diabetes | diabetic patients","diabetic (adj)","Health","2","Topic","","","","","","di-a-BE-tes","","","",""
"diagnose","diagnose","v","diagnose","วินิจฉัยโรค","","诊断","zhěnduàn","v","diagnostiquer","v","","to find out what illness or problem someone has by examining them","identify | detect | determine","She was diagnosed with diabetes at the age of forty. | Early diagnosis improves survival.","diagnosed with | early diagnosis | diagnostic test","diagnosis (n) | diagnostic (adj)","Health","2","Topic","","","","","","di-ag-NOSE","","","",""
"diet","diet","n","diet","อาหารที่กินประจำ","","饮食","yǐnshí","n","alimentation","n","f","the food that a person or animal usually eats","food | nutrition | eating habits","A balanced diet includes plenty of fruit and vegetables. | Dietary changes can lower blood pressure.","balanced diet | healthy diet | dietary habits","dietary (adj)","Health","2","Topic","","","","","","DI-et","","","",""
"epidemic","epidemic","n","epidemic","โรคระบาด","","流行病","liúxíngbìng","n","épidémie","n","f","a large number of cases of a disease in one area at the same time","outbreak | plague | spread","London suffered a cholera epidemic in 1854. | Obesity has been described as an epidemic.","flu epidemic | reach epidemic proportions | a growing epidemic","","Health","2","Topic","","","","pandemic","","ep-i-DEM-ic","","","",""
"fatigue","fatigue","n","fatigue","ความเหนื่อยล้า","","疲劳","píláo","n","fatigue","n","f","great tiredness caused by work, illness or lack of sleep","tiredness | exhaustion | weariness","Many patients suffer from fatigue after treatment. | Doctors working long shifts may make errors through fatigue.","chronic fatigue | mental fatigue | suffer from fatigue","","Health","2","Topic","","","","","","fa-TIGUE","Extreme tiredness is a common side effect.","Extreme tiredness","Fatigue",""
"hygiene","hygiene","n","hygiene","สุขอนามัย","","卫生","wèishēng","n","hygiène","n","f","keeping yourself and your surroundings clean to prevent disease","cleanliness | sanitation | sanitary practice","Good hand hygiene reduces infections in hospitals. | The kitchen was closed because of unhygienic conditions.","personal hygiene | hand hygiene | poor hygiene","hygienic (adj) | unhygienic (adj)","Health","2","Topic","","","","","","HY-giene","","","",""
"immunity","immunity","n","immunity","ภูมิคุ้มกัน","","免疫力","miǎnyìlì","n","immunité","n","f","the body's power to resist a disease","resistance | protection | defence","Some people have natural immunity to the virus. | Stress weakens the immune system.","immune system | natural immunity | herd immunity","immune (adj) | immunise (v)","Health","2","Topic","","","","","","im-MU-ni-ty","","","",""
"impair","impair","v","impair","บั่นทอน/ทำให้เสื่อม","","损害","sǔnhài","v","altérer","v","","to damage something so that it works less well","damage | weaken | harm","Alcohol impairs judgement. | Hearing impairment is common in older adults.","impair judgement | visual impairment | hearing impaired","impairment (n)","Health","2","Topic","","","","","","im-PAIR","","","",""
"incidence","incidence","n","incidence","อัตราการเกิด","","发生率","fāshēnglǜ","n","fréquence","n","f","how often something happens, especially a disease or crime","rate | frequency | occurrence","The incidence of diabetes has risen sharply. | Hospitals must report every serious incident.","high incidence | incidence of | serious incident","incident (n)","Health","2","AWL","6","incidence","","","","IN-ci-dence","","","",""
"injure","injure","v","injure","ทำให้บาดเจ็บ","","使受伤","shǐ shòushāng","v","blesser","v","","to hurt a person or animal physically","hurt | wound | harm","Three workers were injured in the explosion. | Sports injuries are common among teenagers.","seriously injured | serious injury | injured in an accident","injury (n)","Health","2","AWL","2","injure","","","","IN-jure","","","",""
"insomnia","insomnia","n","insomnia","โรคนอนไม่หลับ","","失眠","shīmián","n","insomnie","n","f","a condition in which a person regularly finds it hard to sleep","sleeplessness | restlessness | wakefulness","Shift workers often suffer from insomnia. | Using screens before bed may make insomnia worse.","suffer from insomnia | chronic insomnia | treat insomnia","insomniac (n)","Health","2","Topic","","","","","","in-SOM-ni-a","","","",""
"longevity","longevity","n","longevity","อายุยืน","","长寿","chángshòu","n","longévité","n","f","long life, or the length of time that something lasts","long life | lifespan | durability","Diet and exercise both influence longevity. | The islanders are famous for their longevity.","increased longevity | secret of longevity | human longevity","","Health","2","Topic","","","","","","lon-GEV-i-ty","","","",""
"medical","medical","adj","medical","ทางการแพทย์","","医疗","yīliáo","adj","médical","adj","","relating to the treatment of illness and injuries","clinical | health | healthcare","Medical care is free in many European countries. | The drug is not medically approved for children.","medical treatment | medical care | medical advice","medically (adv)","Health","2","AWL","5","medical","","","","MED-i-cal","","","",""
"mental","mental","adj","mental","ทางจิตใจ","","心理","xīnlǐ","adj","mental","adj","","relating to the mind","psychological | emotional | intellectual","Exercise benefits both physical and mental health. | Care for the mentally ill has improved.","mental health | mental illness | mentally ill","mentally (adv) | mentality (n)","Health","2","AWL","5","mental","","","","MEN-tal","","","",""
"nutrition","nutrition","n","nutrition","โภชนาการ","","营养","yíngyǎng","n","nutrition","n","f","eating the right food for good health and growth","nourishment | diet | food","Good nutrition in early childhood aids brain development. | Fresh vegetables are rich in nutrients.","poor nutrition | nutritional value | essential nutrients","nutrient (n) | nutritious (adj) | nutritional (adj)","Health","2","Topic","","","","","","nu-TRI-tion","","","",""
"obesity","obesity","n","obesity","โรคอ้วน","","肥胖","féipàng","n","obésité","n","f","the condition of being so overweight that it harms your health","excess weight | overweight | fatness","Childhood obesity has risen sharply in recent decades. | Obese adults are more likely to develop diabetes.","childhood obesity | obesity rates | tackle obesity","obese (adj)","Health","2","Topic","","","","","","o-BE-si-ty","","","",""
"pandemic","pandemic","n","pandemic","โรคระบาดทั่วโลก","","全球大流行","quánqiú dàliúxíng","n","pandémie","n","f","a disease that spreads across many countries or the whole world","global outbreak | worldwide epidemic | plague","The pandemic forced schools to close worldwide. | Governments are preparing for future pandemics.","global pandemic | during the pandemic | pandemic preparedness","","Health","2","Topic","","","","epidemic","","pan-DEM-ic","","","",""
"physical","physical","adj","physical","ทางกาย","","身体","shēntǐ","adj","physique","adj","","relating to the body rather than the mind","bodily | corporal | material","Regular physical activity reduces the risk of heart disease. | The job is physically demanding.","physical activity | physical health | physically active","physically (adv)","Health","2","AWL","3","physical","","","","PHYS-i-cal","","","",""
"practitioner","practitioner","n","practitioner","ผู้ประกอบวิชาชีพ","","从业者","cóngyèzhě","n","praticien","n","m","a person who works in a profession, especially medicine or law","doctor | professional | specialist","General practitioners are the first point of contact for most patients. | Health practitioners must renew their licences.","general practitioner | medical practitioner | health practitioner","","Health","2","AWL","8","practitioner","","","","prac-TI-tion-er","","","",""
"prescribe","prescribe","v","prescribe","สั่งจ่ายยา","","开处方","kāi chǔfāng","v","prescrire","v","","to say officially what medicine or treatment a patient should have","order | recommend | advise","Doctors prescribe antibiotics too often. | Prescription charges were abolished in Wales in 2007.","prescribe medicine | prescription drugs | repeat prescription","prescription (n)","Health","2","Topic","","","","proscribe","","pre-SCRIBE","","","",""
"prone","prone","adj","prone","มีแนวโน้มจะเกิด","","易于","yìyú","adj","enclin","adj","","likely to suffer from something or to do something bad","liable | likely | susceptible","Elderly people are more prone to falls. | The area is prone to flooding.","prone to | accident-prone | injury-prone","","Health","2","Topic","","","","","","PRONE","","","",""
"psychology","psychology","n","psychology","จิตวิทยา","","心理学","xīnlǐxué","n","psychologie","n","f","the scientific study of the mind and how it affects behaviour","mind | mental science | behaviour","She studied psychology at university. | Unemployment can cause serious psychological harm.","child psychology | psychological effects | clinical psychologist","psychological (adj) | psychologically (adv) | psychologist (n)","Health","2","AWL","5","psychology","","","","psy-CHOL-o-gy","","","",""
"recover","recover","v","recover","ฟื้นตัว","","恢复","huīfù","v","se rétablir","v","","to become healthy again after an illness or injury; also to get back something lost","heal | get better | regain","Most patients recover within a week. | The economy is slowly recovering from recession.","fully recover | recover from | speedy recovery","recovery (n)","Health","2","AWL","6","recover","","","","re-COV-er","Most patients get better within a week.","get better","recover",""
"rehabilitation","rehabilitation","n","rehabilitation","การฟื้นฟูสมรรถภาพ","","康复","kāngfù","n","réadaptation","n","f","helping someone return to a normal life after illness, injury, addiction or prison","recovery | therapy | restoration","Stroke patients may need months of rehabilitation. | The centre rehabilitates former drug users.","rehabilitation centre | drug rehabilitation | physical rehabilitation","rehabilitate (v)","Health","2","Topic","","","","","","re-ha-bil-i-TA-tion","","","",""
"sanitation","sanitation","n","sanitation","การสุขาภิบาล","","卫生设施","wèishēng shèshī","n","assainissement","n","m","systems that supply clean water and remove waste to protect public health","hygiene | sewerage | cleanliness","Poor sanitation spreads disease in crowded camps. | Sanitary conditions in the slum were dreadful.","poor sanitation | improved sanitation | sanitation facilities","sanitary (adj)","Health","2","Topic","","","","","","san-i-TA-tion","","","",""
"sedentary","sedentary","adj","sedentary","นั่งอยู่กับที่/ขาดการเคลื่อนไหว","","久坐不动","jiǔzuò bùdòng","adj","sédentaire","adj","","involving a lot of sitting and little physical activity","inactive | seated | idle","Sedentary lifestyles contribute to heart disease. | Office workers are often sedentary for hours.","sedentary lifestyle | sedentary behaviour | sedentary job","","Health","2","Topic","","","","","","SED-en-ta-ry","Inactive lifestyles are linked to heart disease.","Inactive","Sedentary",""
"stress","stress","n","stress","ความเครียด/การเน้น","","压力","yālì","n","stress","n","m","mental or emotional pressure caused by difficult situations; also special importance given to something","pressure | strain | tension","Work-related stress is a major cause of illness. | Exams can be extremely stressful for teenagers.","under stress | stress levels | stressful situation","stressful (adj)","Health","2","AWL","4","stress","","","","STRESS","","","",""
"surgery","surgery","n","surgery","การผ่าตัด","","手术","shǒushù","n","chirurgie","n","f","medical treatment in which a doctor cuts open the body to repair or remove something","operation | procedure | medical intervention","She needed surgery on her knee. | The surgeon completed the operation in three hours.","undergo surgery | heart surgery | surgical procedure","surgeon (n) | surgical (adj)","Health","2","Topic","","","","","","SUR-ge-ry","","","",""
"symptom","symptom","n","symptom","อาการ","","症状","zhèngzhuàng","n","symptôme","n","m","a sign of illness, such as pain or fever, that a person notices","sign | indication | feature","Common symptoms include fever and a dry cough. | Many infected people show no symptoms at all.","common symptoms | show symptoms | early symptoms","symptomatic (adj)","Health","2","Topic","","","","","","SYMP-tom","","","",""
"therapy","therapy","n","therapy","การบำบัด","","治疗","zhìliáo","n","thérapie","n","f","treatment that helps a person recover from an illness or a mental problem","treatment | remedy | counselling","Talking therapy can help people with depression. | A therapist visits the ward twice a week.","talking therapy | physical therapy | gene therapy","therapist (n) | therapeutic (adj)","Health","2","Topic","","","","","","THER-a-py","","","",""
"vaccinate","vaccinate","v","vaccinate","ฉีดวัคซีน","","接种疫苗","jiēzhòng yìmiáo","v","vacciner","v","","to give someone a substance that protects them against a disease","immunise | inoculate | protect","Most children are vaccinated against measles. | Vaccination rates have fallen in some areas.","vaccinate against | vaccination programme | develop a vaccine","vaccine (n) | vaccination (n)","Health","2","Topic","","","","","","VAC-ci-nate","","","",""
"vulnerable","vulnerable","adj","vulnerable","เปราะบาง/เสี่ยงภัย","","脆弱","cuìruò","adj","vulnérable","adj","","easily hurt or harmed, physically or emotionally","at risk | exposed | defenceless","Children and the elderly are most vulnerable to heatwaves. | The report exposed the vulnerability of the health system.","vulnerable groups | vulnerable to | particularly vulnerable","vulnerability (n)","Health","2","Topic","","","","","","VUL-ner-a-ble","Babies are especially at risk from the virus.","at risk from","vulnerable to",""
"wellbeing","wellbeing","n","wellbeing | well-being","ความเป็นอยู่ที่ดี","","身心健康","shēnxīn jiànkāng","n","bien-être","n","m","the state of feeling healthy, comfortable and happy","welfare | health | happiness","Green spaces improve mental wellbeing. | Employers are paying more attention to staff wellbeing.","mental wellbeing | sense of wellbeing | physical wellbeing","","Health","2","Topic","","","","","","well-BE-ing","","","",""
"anomaly","anomaly","n","anomaly","ความผิดปกติ","","异常","yìcháng","n","anomalie","n","f","something that is different from what is usual or expected","irregularity | oddity | exception","Researchers noticed an anomaly in the data. | The warm winter was a statistical anomaly.","statistical anomaly | strange anomaly | anomaly in the data","anomalous (adj)","Science & Research","2","Topic","","","","","","a-NOM-a-ly","","","",""
"astronomy","astronomy","n","astronomy","ดาราศาสตร์","","天文学","tiānwénxué","n","astronomie","n","f","the scientific study of stars, planets and space","space science | stargazing | cosmology","Astronomy has fascinated people for thousands of years. | Astronomers discovered a new planet last year.","study astronomy | amateur astronomer | astronomical cost","astronomer (n) | astronomical (adj)","Science & Research","2","Topic","","","","astrology","","as-TRON-o-my","","","",""
"bacteria","bacteria","n","bacteria","แบคทีเรีย","","细菌","xìjūn","n","bactéries","n","f","very small living things, some of which cause disease","germs | microbes | micro-organisms","Bacteria in the gut help digestion. | Bacterial infections are treated with antibiotics.","harmful bacteria | bacterial infection | resistant bacteria","bacterium (n) | bacterial (adj)","Science & Research","2","Topic","","","","","","bac-TE-ri-a","","","",""
"biology","biology","n","biology","ชีววิทยา","","生物学","shēngwùxué","n","biologie","n","f","the scientific study of living things","life science | natural science | zoology","She teaches biology at a secondary school. | Biological weapons are banned by international law.","marine biology | biological process | molecular biology","biological (adj) | biologist (n)","Science & Research","2","Topic","","","","","","bi-OL-o-gy","","","",""
"breakthrough","breakthrough","n","breakthrough","การค้นพบครั้งสำคัญ","","突破","tūpò","n","percée","n","f","an important discovery or development that solves a problem","advance | discovery | leap forward","The vaccine was a major medical breakthrough. | Scientists hope for a breakthrough in cancer treatment.","major breakthrough | scientific breakthrough | achieve a breakthrough","","Science & Research","2","Topic","","","","","","BREAK-through","","","",""
"calibrate","calibrate","v","calibrate","ปรับเทียบ","","校准","jiàozhǔn","v","étalonner","v","","to adjust a measuring instrument so that it gives correct readings","adjust | set | standardise","The scales must be calibrated every month. | Poor calibration led to inaccurate results.","carefully calibrated | calibrate equipment | regular calibration","calibration (n)","Science & Research","2","Topic","","","","","","CAL-i-brate","","","",""
"catalyst","catalyst","n","catalyst","ตัวเร่ง","","催化剂","cuīhuàjì","n","catalyseur","n","m","a substance that makes a chemical reaction happen faster; also something that causes change","trigger | stimulus | spark","Enzymes act as catalysts in the body. | The disaster was a catalyst for new safety laws.","act as a catalyst | catalyst for change | chemical catalyst","catalyse (v)","Science & Research","2","Topic","","","","","","CAT-a-lyst","","","",""
"chemical","chemical","n","chemical","สารเคมี","","化学品","huàxuépǐn","n","produit chimique","n","m","a substance produced by or used in a scientific process","substance | compound | agent","Farmers are using fewer chemicals on their crops. | The water was chemically treated.","toxic chemicals | chemical reaction | chemical industry","chemically (adv)","Science & Research","2","AWL","7","chemical","","","","CHEM-i-cal","","","",""
"compound","compound","n/v","compound","สารประกอบ/ผสมรวม","","化合物","huàhéwù","n","composé","n","m","a substance made of two or more elements joined together; also to make a problem worse","mixture | blend | worsen","Water is a compound of hydrogen and oxygen. | Poor diet compounds the effects of stress.","chemical compound | organic compound | compound the problem","","Science & Research","2","AWL","5","compound","","","","COM-pound","","","",""
"correlate","correlate","v","correlate","สัมพันธ์กัน","","相互关联","xiānghù guānlián","v","corréler","v","","to have a connection in which one thing changes when another does","correspond | connect | relate","Income correlates strongly with life expectancy. | Correlation does not prove causation.","correlate with | strong correlation | positive correlation","correlation (n)","Science & Research","2","Topic","","","","","","COR-re-late","","","",""
"cumulative","cumulative","adj","cumulative","ที่สะสมเพิ่มพูน","","累积","lěijī","adj","cumulatif","adj","","growing gradually as more is added over time","accumulated | growing | collective","The cumulative effect of small doses can be harmful. | Cumulatively, the changes saved thousands of lives.","cumulative effect | cumulative impact | cumulative total","cumulatively (adv)","Science & Research","2","Topic","","","","","","CU-mu-la-tive","","","",""
"data","data","n","data","ข้อมูล","","数据","shùjù","n","données","n","f","facts or numbers collected for study","information | figures | statistics","The data were collected over five years. | Researchers compared data from 40 hospitals.","collect data | data analysis | reliable data","","Science & Research","2","AWL","1","data","","","","DA-ta","","","",""
"density","density","n","density","ความหนาแน่น","","密度","mìdù","n","densité","n","f","how closely packed people or things are in a space; also how heavy a substance is for its size","concentration | compactness | thickness","Population density is highest in the capital. | The city centre is densely populated.","population density | high density | densely populated","dense (adj) | densely (adv)","Science & Research","2","Topic","","","","","","DEN-si-ty","","","",""
"diverge","diverge","v","diverge","แยกออกจากกัน","","分化","fēnhuà","v","diverger","v","","to separate and go in different directions; also to become different","separate | split | differ","The two species diverged millions of years ago. | Opinions diverge on how to treat the condition.","diverge from | divergent views | widely divergent","divergence (n) | divergent (adj)","Science & Research","2","Topic","","","","","","di-VERGE","","","",""
"empirical","empirical","adj","empirical","อิงจากประสบการณ์จริง","","实证","shízhèng","adj","empirique","adj","","based on observation or experiment rather than theory","observed | experimental | practical","There is little empirical evidence for the claim. | The theory has been tested empirically.","empirical evidence | empirical research | empirically tested","empirically (adv)","Science & Research","2","AWL","7","empirical","","","","em-PIR-i-cal","","","",""
"evolve","evolve","v","evolve","วิวัฒนาการ","","进化","jìnhuà","v","évoluer","v","","to develop gradually over time","develop | change | adapt","Bacteria can evolve to resist antibiotics. | The theory of evolution explains how species change.","evolve over time | theory of evolution | constantly evolving","evolution (n) | evolutionary (adj)","Science & Research","2","AWL","5","evolve","","","","e-VOLVE","","","",""
"experiment","experiment","n","experiment","การทดลอง","","实验","shíyàn","n","expérience","n","f","a scientific test done to find out what happens in particular conditions","test | trial | investigation","The experiment was repeated three times. | The drug is still experimental.","conduct an experiment | carry out an experiment | experimental drug","experimental (adj) | experimentation (n)","Science & Research","2","Topic","","","","","","ex-PER-i-ment","","","",""
"formula","formula","n","formula","สูตร","","公式","gōngshì","n","formule","n","f","a set of symbols showing a scientific rule, or a fixed method for achieving something","equation | rule | recipe","Scientists used a simple formula to predict crop yields. | The government formulated a new health policy.","chemical formula | a formula for success | formulate a policy","formulae (n) | formulate (v) | formulation (n)","Science & Research","2","AWL","1","formula","","","","FOR-mu-la","","","",""
"galaxy","galaxy","n","galaxy","ดาราจักร","","星系","xīngxì","n","galaxie","n","f","a very large group of stars and planets in space","star system | stellar system | universe","Our solar system lies in the Milky Way galaxy. | Astronomers have found galaxies billions of light years away.","distant galaxy | spiral galaxy | the Milky Way galaxy","galactic (adj)","Science & Research","2","Topic","","","","","","GAL-ax-y","","","",""
"gene","gene","n","gene","ยีน","","基因","jīyīn","n","gène","n","m","a part of a cell, passed from parents to children, that controls features such as eye colour","DNA | hereditary unit | trait","Some genes increase the risk of heart disease. | Genetic testing can detect certain cancers early.","genetic testing | gene therapy | genetic disorder","genetic (adj) | genetically (adv) | genetics (n)","Science & Research","2","Topic","","","","","","GENE","","","",""
"gravity","gravity","n","gravity","แรงโน้มถ่วง/ความร้ายแรง","","重力","zhònglì","n","gravité","n","f","the force that pulls objects towards the earth or towards each other; also seriousness","pull | attraction | seriousness","Gravity keeps the planets in orbit around the sun. | Doctors did not realise the gravity of her condition.","force of gravity | gravity of the situation | gravitational pull","gravitational (adj)","Science & Research","2","Topic","","","","","","GRAV-i-ty","","","",""
"hypothesis","hypothesis","n","hypothesis","สมมติฐาน","","假说","jiǎshuō","n","hypothèse","n","f","an idea that is suggested as an explanation but has not yet been proved","theory | assumption | proposition","The results support the hypothesis that diet affects mood. | Students were asked a hypothetical question.","test a hypothesis | support the hypothesis | hypothetical situation","hypotheses (n) | hypothetical (adj) | hypothesise (v)","Science & Research","2","AWL","4","hypothesis","","","","hy-POTH-e-sis","","","",""
"laboratory","laboratory","n","laboratory","ห้องปฏิบัติการ","","实验室","shíyànshì","n","laboratoire","n","m","a room or building used for scientific work","lab | research centre | workshop","Samples were sent to a laboratory for testing. | Lab results usually take two days.","research laboratory | laboratory tests | in the laboratory","lab (n)","Science & Research","2","Topic","","","","","labratory","la-BOR-a-to-ry","","","",""
"mechanism","mechanism","n","mechanism","กลไก","","机制","jīzhì","n","mécanisme","n","m","a process or system that makes something work or happen","process | system | means","Scientists do not fully understand the mechanism of the disease. | The body has natural defence mechanisms.","defence mechanism | mechanism for | underlying mechanism","","Science & Research","2","AWL","4","mechanism","","","","MECH-a-nism","","","",""
"microscope","microscope","n","microscope","กล้องจุลทรรศน์","","显微镜","xiǎnwēijìng","n","microscope","n","m","a piece of equipment that makes very small things look much larger","magnifier | lens | magnifying instrument","Bacteria can only be seen under a microscope. | Microscopic pieces of plastic have been found in tap water.","under a microscope | electron microscope | microscopic organisms","microscopic (adj)","Science & Research","2","Topic","","","","","","MI-cro-scope","","","",""
"molecule","molecule","n","molecule","โมเลกุล","","分子","fēnzǐ","n","molécule","n","f","the smallest unit of a substance, made of atoms joined together","particle | unit | compound","A water molecule contains two hydrogen atoms. | Molecular biology has transformed medicine.","water molecule | molecular biology | molecular structure","molecular (adj)","Science & Research","2","Topic","","","","","","MOL-e-cule","","","",""
"mutation","mutation","n","mutation","การกลายพันธุ์","","突变","tūbiàn","n","mutation","n","f","a change in the genes of a living thing that can be passed on","change | alteration | variation","A single mutation can make a virus more dangerous. | Bacteria mutate quickly.","genetic mutation | random mutation | mutate rapidly","mutate (v) | mutant (n)","Science & Research","2","Topic","","","","","","mu-TA-tion","","","",""
"observe","observe","v","observe","สังเกต","","观察","guānchá","v","observer","v","","to watch something carefully, especially to learn about it","watch | monitor | study","Researchers observed the children's behaviour in class. | Patients were kept under observation overnight.","closely observe | direct observation | under observation","observation (n) | observer (n) | observable (adj)","Science & Research","2","Topic","","","","","","ob-SERVE","","","",""
"organism","organism","n","organism","สิ่งมีชีวิต","","有机体","yǒujītǐ","n","organisme","n","m","a single living thing, such as a plant, animal or bacterium","living thing | creature | life form","Tiny organisms live in the soil. | Microorganisms break down waste in the water.","living organism | single-celled organism | marine organisms","microorganism (n)","Science & Research","2","Topic","","","","","","OR-gan-ism","","","",""
"parameter","parameter","n","parameter","ขอบเขตที่กำหนด","","参数","cānshù","n","paramètre","n","m","a limit or rule that controls how something is done or measured","limit | boundary | criterion","The study was carried out within strict parameters. | Blood pressure is one of several parameters that doctors watch.","within the parameters | key parameters | set parameters","","Science & Research","2","AWL","4","parameter","","","","pa-RAM-e-ter","","","",""
"particle","particle","n","particle","อนุภาค","","粒子","lìzǐ","n","particule","n","f","a very small piece of matter","fragment | speck | bit","Tiny particles of dust can damage the lungs. | Physicists study the smallest particles in the universe.","dust particles | fine particles | particle physics","","Science & Research","2","Topic","","","","","","PAR-ti-cle","","","",""
"plausible","plausible","adj","plausible","ฟังดูน่าเชื่อถือ","","似乎合理","sìhū hélǐ","adj","plausible","adj","","seeming likely to be true or reasonable","believable | credible | likely","There is no plausible explanation for the results. | The theory sounds plausible but lacks evidence.","plausible explanation | highly plausible | entirely plausible","plausibility (n) | implausible (adj)","Science & Research","2","Topic","","","","","","PLAU-si-ble","Her account of events seemed believable.","believable","plausible",""
"probability","probability","n","probability","ความน่าจะเป็น","","概率","gàilǜ","n","probabilité","n","f","how likely something is to happen","likelihood | chance | odds","The probability of an earthquake this year is low. | The results were probably caused by chance.","high probability | in all probability | probability of","probable (adj) | probably (adv)","Science & Research","2","Topic","","","","","","prob-a-BIL-i-ty","The likelihood of another flood is high.","likelihood","probability",""
"proliferate","proliferate","v","proliferate","ทวีจำนวนอย่างรวดเร็ว","","激增","jīzēng","v","proliférer","v","","to grow quickly in number","multiply | spread | grow","Cancer cells proliferate rapidly. | Fast-food outlets have proliferated in poor areas.","proliferate rapidly | nuclear proliferation | cell proliferation","proliferation (n)","Science & Research","2","Topic","","","","","","pro-LIF-er-ate","","","",""
"qualitative","qualitative","adj","qualitative","เชิงคุณภาพ","","定性","dìngxìng","adj","qualitatif","adj","","relating to the nature or character of something rather than to numbers","descriptive | non-numerical | interpretive","The study used qualitative interviews with nurses. | The two methods differ qualitatively.","qualitative research | qualitative data | qualitative analysis","qualitatively (adv)","Science & Research","2","AWL","9","qualitative","","quantitative","","QUAL-i-ta-tive","","","",""
"quantify","quantify","v","quantify","วัดเป็นตัวเลข","","量化","liànghuà","v","quantifier","v","","to measure or express something as an amount or number","measure | calculate | count","It is hard to quantify the benefits of green spaces. | The researchers quantified the cost of poor sleep.","difficult to quantify | quantify the risk | quantifiable results","quantifiable (adj) | quantification (n)","Science & Research","2","Topic","","","","","","QUAN-ti-fy","","","",""
"random","random","adj","random","สุ่ม","","随机","suíjī","adj","aléatoire","adj","","happening or chosen without a plan or pattern","arbitrary | chance | unplanned","Participants were chosen at random. | Patients were randomly assigned to two groups.","at random | random sample | randomly selected","randomly (adv) | randomise (v)","Science & Research","2","AWL","8","random","","","","RAN-dom","","","",""
"refute","refute","v","refute","หักล้างข้อโต้แย้ง","","驳斥","bóchì","v","réfuter","v","","to prove that a statement or theory is wrong","disprove | rebut | deny","New data refute the idea that vaccines cause autism. | The minister refuted claims of corruption.","refute a claim | refute the theory | strongly refute","refutation (n)","Science & Research","2","Topic","","","","","","re-FUTE","Later studies disproved the original theory.","disproved","refuted",""
"replicate","replicate","v","replicate","ทำซ้ำ","","重复","chóngfù","v","reproduire","v","","to repeat a study or test to check that the result is the same","repeat | reproduce | copy","Other scientists failed to replicate the results. | Replication is essential in scientific research.","replicate the results | replicate a study | difficult to replicate","replication (n)","Science & Research","2","Topic","","","","","","REP-li-cate","No other laboratory could repeat the findings.","repeat","replicate",""
"research","research","n","research","งานวิจัย","","研究","yánjiū","n","recherche","n","f","careful study of a subject in order to discover new facts","investigation | study | inquiry","More research is needed into the causes of the disease. | Researchers interviewed 500 nurses.","carry out research | research findings | medical research","researcher (n)","Science & Research","2","AWL","1","research","","","","re-SEARCH","","","",""
"sample","sample","n","sample","กลุ่มตัวอย่าง","","样本","yàngběn","n","échantillon","n","m","a small part or group taken to show what the whole is like","specimen | selection | cross-section","The study used a sample of 2,000 adults. | Water samples were tested for bacteria.","random sample | large sample | blood sample","sampling (n)","Science & Research","2","Topic","","","","","","SAM-ple","","","",""
"sex","sex","n","sex","เพศ","","生理性别","shēnglǐ xìngbié","n","sexe","n","m","the state of being male or female, especially in biological terms","gender | biology | male or female","The survey recorded each patient's age and sex. | Sexual health services are free at the clinic.","sex differences | opposite sex | sexual health","sexual (adj) | sexuality (n)","Science & Research","2","AWL","3","sex","","","","SEX","","","",""
"specimen","specimen","n","specimen","สิ่งส่งตรวจ/ตัวอย่างพันธุ์","","标本","biāoběn","n","spécimen","n","m","a small amount of blood, tissue or material taken for testing; also a single example of a plant or animal","sample | example | piece","Blood specimens were taken from each patient. | The museum holds rare insect specimens.","blood specimen | collect a specimen | rare specimen","","Science & Research","2","Topic","","","","","","SPEC-i-men","","","",""
"spectrum","spectrum","n","spectrum","ขอบเขตกว้าง/สเปกตรัม","","光谱","guāngpǔ","n","spectre","n","m","a complete range of different opinions, people or things; also the range of colours in light","range | scale | span","The plan has support across the political spectrum. | Autism is described as a spectrum of conditions.","political spectrum | broad spectrum | across the spectrum","spectra (n)","Science & Research","2","Topic","","","","","","SPEC-trum","","","",""
"statistic","statistic","n","statistic","สถิติ","","统计数字","tǒngjì shùzì","n","statistique","n","f","a number that represents a fact or measurement, especially from a study","figure | data | number","Official statistics show a fall in smoking. | The difference was not statistically significant.","official statistics | statistical analysis | statistically significant","statistical (adj) | statistically (adv) | statistician (n)","Science & Research","2","AWL","4","statistic","","","","sta-TIS-tic","","","",""
"substantiate","substantiate","v","substantiate","พิสูจน์ยืนยัน","","证实","zhèngshí","v","étayer","v","","to provide evidence that proves a claim is true","prove | confirm | support","The claims could not be substantiated. | Unsubstantiated rumours spread quickly online.","substantiate a claim | unsubstantiated allegations | fully substantiated","unsubstantiated (adj)","Science & Research","2","Topic","","","","","","sub-STAN-ti-ate","","","",""
"survey","survey","n","survey","การสำรวจ","","调查","diàochá","n","sondage","n","m","a set of questions asked of many people to find out their opinions or behaviour","poll | questionnaire | study","A national survey found that most adults sleep too little. | Researchers surveyed 1,200 households.","carry out a survey | national survey | survey respondents","","Science & Research","2","AWL","2","survey","","","","SUR-vey","","","",""
"telescope","telescope","n","telescope","กล้องโทรทรรศน์","","望远镜","wàngyuǎnjìng","n","télescope","n","m","a piece of equipment that makes distant objects such as stars look closer","spyglass | observatory instrument | optical instrument","The new space telescope has photographed distant galaxies. | Early astronomers used simple telescopes.","space telescope | through a telescope | radio telescope","telescopic (adj)","Science & Research","2","Topic","","","","microscope","","TEL-e-scope","","","",""
"theory","theory","n","theory","ทฤษฎี","","理论","lǐlùn","n","théorie","n","f","a set of ideas intended to explain why something happens","hypothesis | explanation | model","Darwin's theory of evolution changed biology. | The idea works in theory but not in practice.","in theory | theory of evolution | theoretical model","theoretical (adj) | theorist (n)","Science & Research","2","AWL","1","theory","","","","THE-o-ry","","","",""
"verify","verify","v","verify","ตรวจสอบความถูกต้อง","","核实","héshí","v","vérifier","v","","to check that something is true or correct","check | confirm | validate","Journalists must verify facts before publishing. | Independent verification of the data is needed.","verify the results | independently verified | difficult to verify","verification (n) | verifiable (adj)","Science & Research","2","Topic","","","","","","VER-i-fy","Please check that the figures are correct.","check","verify",""
"biodiversity","biodiversity","n","biodiversity","ความหลากหลายทางชีวภาพ","","生物多样性","shēngwù duōyàngxìng","n","biodiversité","n","f","the variety of plants and animals in a particular place","variety of life | wildlife variety | natural variety","Coral reefs are rich in biodiversity. | Farm chemicals threaten biodiversity.","loss of biodiversity | rich biodiversity | protect biodiversity","","Environment","2","Topic","","","","","","bi-o-di-VER-si-ty","","","",""
"carbon","carbon","n","carbon","คาร์บอน","","碳","tàn","n","carbone","n","m","a chemical element found in coal and all living things; often short for the gas released when fuel is burnt","carbon dioxide | CO2 | greenhouse gas","Trees absorb carbon from the air. | The city aims to be carbon neutral by 2040.","carbon emissions | carbon footprint | carbon neutral","","Environment","2","Topic","","","","","","CAR-bon","","","",""
"climate","climate","n","climate","ภูมิอากาศ","","气候","qìhòu","n","climat","n","m","the usual weather conditions in a place over a long period","weather pattern | conditions | environment","Climate change threatens food supplies. | The region has a hot, dry climate.","climate change | tropical climate | climate crisis","climatic (adj)","Environment","2","Topic","","","","","","CLI-mate","","","",""
"conserve","conserve","v","conserve","อนุรักษ์","","保护","bǎohù","v","préserver","v","","to protect something from harm or loss; also to use less of something","protect | preserve | save","The project aims to conserve rare plants. | Energy conservation reduces household bills.","conserve energy | wildlife conservation | conserve water","conservation (n) | conservationist (n)","Environment","2","Topic","","","","","","con-SERVE","","","",""
"contaminate","contaminate","v","contaminate","ปนเปื้อน","","沾污","zhānwū","v","contaminer","v","","to make something dirty or poisonous by adding a harmful substance","pollute | poison | infect","Sewage contaminated the water supply. | Food contamination causes thousands of illnesses each year.","contaminated water | risk of contamination | heavily contaminated","contamination (n) | contaminant (n)","Environment","2","Topic","","","","","","con-TAM-i-nate","","","","zh"
"deforestation","deforestation","n","deforestation","การตัดไม้ทำลายป่า","","森林砍伐","sēnlín kǎnfá","n","déforestation","n","f","the cutting down of trees over a large area","clearing | logging | forest loss","Deforestation destroys the habitats of many species. | Large areas have been deforested for cattle farming.","tropical deforestation | illegal deforestation | rate of deforestation","deforest (v)","Environment","2","Topic","","","","","","de-for-es-TA-tion","","","",""
"desertification","desertification","n","desertification","การกลายเป็นทะเลทราย","","荒漠化","huāngmòhuà","n","désertification","n","f","the process by which fertile land becomes desert","land degradation | drying out | soil loss","Overgrazing speeds up desertification. | Desertification threatens farmland in the Sahel.","combat desertification | spread of desertification | desertification and drought","","Environment","2","Topic","","","","","","de-sert-i-fi-CA-tion","","","",""
"disperse","disperse","v","disperse","กระจัดกระจาย","","分散","fēnsàn","v","disperser","v","","to spread over a wide area, or to make people or things do this","scatter | spread | distribute","The wind disperses the seeds over long distances. | Police dispersed the crowd.","disperse the crowd | widely dispersed | seed dispersal","dispersal (n) | dispersion (n)","Environment","2","Topic","","","","","","dis-PERSE","","","",""
"dispose","dispose","v","dispose","กำจัดทิ้ง","","处理掉","chǔlǐ diào","v","se débarrasser","v","","to get rid of something you no longer want (used with 'of')","discard | throw away | get rid of","Hospitals must dispose of needles safely. | Waste disposal is a growing problem.","dispose of | waste disposal | disposable plastic","disposal (n) | disposable (adj)","Environment","2","AWL","7","dispose","","","","dis-POSE","","","",""
"drought","drought","n","drought","ภัยแล้ง","","干旱","gānhàn","n","sécheresse","n","f","a long period with little or no rain","dry spell | water shortage | aridity","The drought destroyed half the harvest. | Droughts are becoming more frequent.","severe drought | prolonged drought | drought-resistant crops","","Environment","2","Topic","","","","","","DROUGHT","","","",""
"ecosystem","ecosystem","n","ecosystem","ระบบนิเวศ","","生态系统","shēngtài xìtǒng","n","écosystème","n","m","all the living things in an area and the way they affect each other and their surroundings","environment | habitat | biome","Plastic waste damages marine ecosystems. | The dam caused serious ecological damage.","fragile ecosystem | marine ecosystem | ecological balance","ecology (n) | ecological (adj)","Environment","2","Topic","","","","","","E-co-sys-tem","","","",""
"emission","emission","n","emission","การปล่อยก๊าซ","","排放","páifàng","n","émission","n","f","gas or another substance sent out into the air","discharge | release | output","Carbon emissions from transport are still rising. | Old cars emit more harmful gases.","carbon emissions | reduce emissions | greenhouse gas emissions","emit (v)","Environment","2","Topic","","","","","","e-MIS-sion","","","",""
"endangered","endangered","adj","endangered","ใกล้สูญพันธุ์","","濒危","bīnwēi","adj","menacé","adj","","at serious risk of no longer existing","threatened | at risk | vulnerable","The giant panda is no longer classed as endangered. | Pollution endangers fish in the river.","endangered species | critically endangered | endanger lives","endanger (v)","Environment","2","Topic","","","","extinct","","en-DAN-gered","","","",""
"energy","energy","n","energy","พลังงาน","","能源","néngyuán","n","énergie","n","f","power from sources such as oil or the sun, used for heat or to run machines; also the strength to be active","power | fuel | vitality","Solar energy is becoming cheaper every year. | Children have far more energy than adults.","renewable energy | energy consumption | energy efficiency","energetic (adj)","Environment","2","AWL","5","energy","","","","EN-er-gy","","","",""
"environment","environment","n","environment","สิ่งแวดล้อม","","环境","huánjìng","n","environnement","n","m","the natural world, or the conditions in which people, animals and plants live","surroundings | nature | habitat","Plastic waste is damaging the marine environment. | Environmental groups opposed the new airport.","protect the environment | environmental impact | environmentally friendly","environmental (adj) | environmentally (adv) | environmentalist (n)","Environment","2","AWL","1","environment","","","enviroment","en-VI-ron-ment","","","",""
"erode","erode","v","erode","กัดเซาะ","","侵蚀","qīnshí","v","éroder","v","","to gradually wear away rock or soil; also to gradually weaken something","wear away | weaken | undermine","Rising seas are eroding the coastline. | Soil erosion reduces crop yields.","soil erosion | coastal erosion | erode trust","erosion (n)","Environment","2","AWL","9","erode","","","","e-RODE","","","",""
"extinct","extinct","adj","extinct","สูญพันธุ์","","灭绝","mièjué","adj","disparu","adj","","no longer existing, used of a type of animal or plant","died out | vanished | lost","The dodo became extinct in the seventeenth century. | Many species now face extinction.","become extinct | face extinction | mass extinction","extinction (n)","Environment","2","Topic","","","","endangered","","ex-TINCT","The species died out two centuries ago.","died out","became extinct",""
"famine","famine","n","famine","ความอดอยาก","","饥荒","jīhuāng","n","famine","n","f","a serious lack of food in a large area, causing illness and death","starvation | hunger | food shortage","Drought led to famine across the region. | About a million people died in the Irish famine of the 1840s.","widespread famine | famine relief | face famine","","Environment","2","Topic","","","","","","FAM-ine","","","",""
"fertiliser","fertiliser","n","fertiliser | fertilizer","ปุ๋ย","","肥料","féiliào","n","engrais","n","m","a natural or chemical substance added to soil to help plants grow","manure | compost | plant food","Too much fertiliser pollutes rivers. | The valley has fertile soil.","chemical fertiliser | organic fertiliser | fertile soil","fertile (adj) | fertility (n)","Environment","2","Topic","","","","","","FER-ti-lis-er","","","",""
"flood","flood","n","flood","น้ำท่วม","","洪水","hóngshuǐ","n","inondation","n","f","a large amount of water covering an area that is usually dry","deluge | inundation | overflow","The flood forced thousands from their homes. | Coastal towns are at risk of flooding.","flash flood | flood defences | severe flooding","","Environment","2","Topic","","","","","","FLOOD","","","",""
"fossil","fossil","n","fossil","ฟอสซิล/ซากดึกดำบรรพ์","","化石","huàshí","n","fossile","n","m","the remains of an ancient animal or plant kept in rock; also describes fuels such as coal, oil and gas","remains | relic | imprint","Burning fossil fuels releases carbon dioxide. | The fossil of a dinosaur was found in the cliffs.","fossil fuels | fossil record | dependence on fossil fuels","","Environment","2","Topic","","","","","","FOS-sil","","","",""
"glacier","glacier","n","glacier","ธารน้ำแข็ง","","冰川","bīngchuān","n","glacier","n","m","a large mass of ice that moves slowly down a mountain or valley","ice field | ice sheet | ice mass","Glaciers in the Alps are melting fast. | The valley was shaped by glacial ice.","melting glaciers | retreating glacier | glacial ice","glacial (adj)","Environment","2","Topic","","","","","","GLA-ci-er","","","",""
"greenhouse","greenhouse","n","greenhouse","เรือนกระจก","","温室","wēnshì","n","serre","n","f","a glass building for growing plants; also describes gases that trap heat around the earth","glasshouse | hothouse | conservatory","Methane is a powerful greenhouse gas. | The greenhouse effect warms the planet.","greenhouse gas | greenhouse effect | greenhouse emissions","","Environment","2","Topic","","","","","","GREEN-house","","","",""
"habitat","habitat","n","habitat","ถิ่นที่อยู่ตามธรรมชาติ","","栖息地","qīxīdì","n","habitat","n","m","the natural home of a plant or animal","home | territory | environment","Loss of habitat is the main threat to tigers. | Wetlands provide habitats for many birds.","natural habitat | habitat loss | destroy habitats","","Environment","2","Topic","","","","","","HAB-i-tat","","","",""
"landfill","landfill","n","landfill","หลุมฝังกลบขยะ","","垃圾填埋场","lājī tiánmáichǎng","n","décharge","n","f","a place where waste is buried under the ground","rubbish dump | tip | waste site","Most plastic waste ends up in landfill. | Landfill sites release methane.","landfill site | send to landfill | landfill tax","","Environment","2","Topic","","","","","","LAND-fill","","","",""
"mitigate","mitigate","v","mitigate","บรรเทาให้เบาลง","","减轻","jiǎnqīng","v","atténuer","v","","to make something bad less harmful or serious","reduce | ease | lessen","Planting trees can mitigate the effects of flooding. | Climate mitigation requires global action.","mitigate the effects | mitigate risk | climate mitigation","mitigation (n)","Environment","2","Topic","","","","","","MIT-i-gate","Sea walls help to lessen the damage from storms.","lessen","mitigate",""
"nuclear","nuclear","adj","nuclear","นิวเคลียร์","","核能","hénéng","adj","nucléaire","adj","","using the energy released when atoms are split or joined","atomic | atom-powered | fission","Nuclear power produces little carbon. | The disaster led to the closure of several nuclear plants.","nuclear power | nuclear waste | nuclear weapons","","Environment","2","AWL","8","nuclear","","","nucular","NU-cle-ar","","","",""
"organic","organic","adj","organic","อินทรีย์","","有机","yǒujī","adj","biologique","adj","","grown without artificial chemicals; also relating to living things","natural | chemical-free | bio","Organic food is more expensive than ordinary food. | The vegetables are grown organically.","organic food | organic farming | organic matter","organically (adv)","Environment","2","Topic","","","","","","or-GAN-ic","","","",""
"pesticide","pesticide","n","pesticide","ยาฆ่าแมลง","","杀虫剂","shāchóngjì","n","pesticide","n","m","a chemical used to kill insects and other creatures that damage crops","insecticide | herbicide | crop spray","Pesticide use has been linked to falling bee numbers. | Farmers are trying natural ways to control pests.","pesticide use | spray pesticides | pesticide residues","pest (n)","Environment","2","Topic","","","","","","PES-ti-cide","","","",""
"pollute","pollute","v","pollute","ทำให้เป็นมลพิษ","","污染","wūrǎn","v","polluer","v","","to make air, water or land dirty and harmful","contaminate | poison | dirty","Factories polluted the river for decades. | Air pollution causes millions of early deaths each year.","air pollution | heavily polluted | reduce pollution","pollution (n) | pollutant (n) | polluter (n)","Environment","2","Topic","","","","","","pol-LUTE","","","",""
"recycle","recycle","v","recycle","รีไซเคิล","","回收","huíshōu","v","recycler","v","","to treat used materials so that they can be used again","reuse | reprocess | salvage","Only a small share of plastic is recycled. | Recyclable packaging is now required by law in some countries.","recycle waste | recycling rates | recyclable materials","recycling (n) | recyclable (adj)","Environment","2","Topic","","","","","","re-CY-cle","","","",""
"renewable","renewable","adj","renewable","หมุนเวียนใช้ใหม่ได้","","可再生","kězàishēng","adj","renouvelable","adj","","able to be replaced naturally, such as power from the sun or wind","sustainable | green | inexhaustible","The country aims to get half its power from renewable sources. | Offshore wind is a fast-growing renewable resource.","renewable energy | renewable sources | renewable resources","renew (v) | renewal (n)","Environment","2","Topic","","","","","","re-NEW-a-ble","","","",""
"resource","resource","n","resource","ทรัพยากร","","资源","zīyuán","n","ressource","n","f","a supply of something, such as water, money or people, that can be used","supply | asset | reserve","Water is a scarce resource in the region. | Schools need more resources to support children with special needs.","natural resources | scarce resources | human resources","resourceful (adj)","Environment","2","AWL","2","resource","","","","re-SOURCE","","","",""
"sewage","sewage","n","sewage","น้ำเสีย","","污水","wūshuǐ","n","eaux usées","n","f","waste water and human waste carried away from homes in pipes","waste water | effluent | sludge","Untreated sewage was pumped into the sea. | The city built a new sewage treatment plant.","sewage treatment | raw sewage | sewage system","","Environment","2","Topic","","","","","","SEW-age","","","",""
"sustain","sustain","v","sustain","ค้ำจุนให้ยั่งยืน","","持续","chíxù","v","soutenir","v","","to keep something going over a long period; also to suffer an injury","maintain | support | continue","Current levels of fishing cannot be sustained. | Sustainable farming protects the soil for future generations.","sustainable development | sustain growth | environmentally sustainable","sustainable (adj) | sustainability (n) | unsustainable (adj)","Environment","2","AWL","5","sustain","","","","sus-TAIN","","","",""
"toxic","toxic","adj","toxic","เป็นพิษ","","有毒","yǒudú","adj","toxique","adj","","poisonous and harmful to health","poisonous | harmful | dangerous","The factory released toxic waste into the river. | Some plants produce toxins to protect themselves.","toxic waste | toxic chemicals | highly toxic","toxicity (n) | toxin (n)","Environment","2","Topic","","","","","","TOX-ic","The river was full of poisonous chemicals.","poisonous","toxic",""
"wildlife","wildlife","n","wildlife","สัตว์ป่า","","野生动物","yěshēng dòngwù","n","faune sauvage","n","f","animals, birds and plants living in natural conditions","fauna | animals | nature","The park protects rare wildlife. | Wildlife numbers have fallen sharply.","wildlife conservation | protect wildlife | wildlife habitat","","Environment","2","Topic","","","","","","WILD-life","","","",""
"abandon","abandon","v","abandon","ละทิ้ง","","放弃","fàngqì","v","abandonner","v","","to leave a place, person or thing for ever; also to stop a plan","desert | leave | give up","The village was abandoned after the flood. | The plan was abandoned because of rising costs.","abandon a plan | abandoned building | completely abandoned","abandonment (n)","General Academic","3","AWL","8","abandon","","","","a-BAN-don","The council gave up the plan after protests.","gave up","abandoned",""
"accommodate","accommodate","v","accommodate","รองรับ/ปรับให้เข้ากัน","","容纳","róngnà","v","accueillir","v","","to provide space or a place to stay for people; also to adapt to someone's needs","house | hold | adapt to","The bunker can accommodate 200 people. | Student accommodation is expensive in the capital.","accommodate needs | student accommodation | accommodate guests","accommodation (n)","General Academic","3","AWL","9","accommodate","","","accomodate","ac-COM-mo-date","","","",""
"accompany","accompany","v","accompany","ไปพร้อมกับ/เกิดควบคู่","","陪同","péitóng","v","accompagner","v","","to go somewhere with someone; also to happen or exist at the same time as something","go with | escort | come with","Children must be accompanied by an adult. | Fever is often accompanied by a headache.","accompanied by | accompany someone to | musical accompaniment","accompaniment (n)","General Academic","3","AWL","8","accompany","","","","ac-COM-pa-ny","","","",""
"accumulate","accumulate","v","accumulate","สะสมพอกพูน","","积累","jīlěi","v","accumuler","v","","to gradually grow in amount, or to collect things over time","gather | collect | build up","Debt accumulated quickly during the crisis. | Plastic accumulates in the ocean.","accumulate wealth | accumulate evidence | gradual accumulation","accumulation (n)","General Academic","3","AWL","8","accumulate","","","","ac-CU-mu-late","","","",""
"adjacent","adjacent","adj","adjacent","ที่อยู่ติดกัน","","相邻","xiānglín","adj","adjacent","adj","","next to or very near something","next to | neighbouring | bordering","The school is adjacent to a busy road. | Fire spread to adjacent buildings.","adjacent to | adjacent buildings | adjacent rooms","","General Academic","3","AWL","10","adjacent","","","","ad-JA-cent","","","",""
"albeit","albeit","conj","albeit","ถึงแม้ว่า","","虽然","suīrán","conj","bien que","conj","","although","although | even though | though","The economy is growing, albeit slowly. | It was a small, albeit important, step.","albeit slowly | albeit briefly | albeit small","","General Academic","3","AWL","10","albeit","","","","al-BE-it","","","",""
"ambiguous","ambiguous","adj","ambiguous","กำกวม","","模棱两可","móléngliǎngkě","adj","ambigu","adj","","having more than one possible meaning, so not clear","unclear | vague | equivocal","The wording of the law is ambiguous. | The report removed any ambiguity about the costs.","ambiguous wording | highly ambiguous | morally ambiguous","ambiguity (n) | unambiguous (adj)","General Academic","3","AWL","8","ambiguous","","","","am-BIG-u-ous","","","",""
"analogy","analogy","n","analogy","การเปรียบเทียบอุปมา","","类比","lèibǐ","n","analogie","n","f","a comparison between two things that shows how they are alike","comparison | parallel | likeness","The author draws an analogy between the brain and a computer. | The two situations are broadly analogous.","draw an analogy | by analogy | useful analogy","analogous (adj)","General Academic","3","AWL","9","analogy","","","","a-NAL-o-gy","","","",""
"anticipate","anticipate","v","anticipate","คาดการณ์ล่วงหน้า","","预料","yùliào","v","anticiper","v","","to expect something and often prepare for it","expect | foresee | predict","Engineers anticipated the risk of flooding. | Demand was higher than anticipated.","anticipate problems | than anticipated | eagerly anticipated","anticipation (n)","General Academic","3","AWL","9","anticipate","","","","an-TIC-i-pate","Nobody expected the storm to be so severe.","expected","anticipated",""
"append","append","v","append","แนบท้าย","","附加","fùjiā","v","annexer","v","","to add something to the end of a document","attach | add | annex","A list of sources is appended to the report. | Full results are given in the appendix.","appended to | in the appendix | append a note","appendix (n)","General Academic","3","AWL","8","append","","","","ap-PEND","","","",""
"appreciate","appreciate","v","appreciate","เห็นคุณค่า/มูลค่าเพิ่ม","","欣赏","xīnshǎng","v","apprécier","v","","to be grateful for something or understand its value; also to rise in value","value | recognise | rise","Workers appreciate flexible hours. | Property values have appreciated sharply.","greatly appreciate | fully appreciate | appreciate in value","appreciation (n)","General Academic","3","AWL","8","appreciate","","","","ap-PRE-ci-ate","","","",""
"arbitrary","arbitrary","adj","arbitrary","ตามอำเภอใจ","","任意","rènyì","adj","arbitraire","adj","","based on chance or personal choice rather than on reason","random | unreasonable | capricious","The arbitrary arrest of protesters drew criticism. | Some speed limits seem arbitrary.","arbitrary decision | arbitrary arrest | purely arbitrary","arbitrarily (adv)","General Academic","3","AWL","8","arbitrary","","","","AR-bi-tra-ry","","","",""
"assemble","assemble","v","assemble","ประกอบเข้าด้วยกัน/รวมตัว","","组装","zǔzhuāng","v","assembler","v","","to put the parts of something together; also to gather in one place","build | gather | put together","Workers assemble cars on the production line. | Residents assembled in the town square.","assemble a team | assembly line | general assembly","assembly (n)","General Academic","3","AWL","10","assemble","","","","as-SEM-ble","","","",""
"assure","assure","v","assure","ให้ความมั่นใจ","","使放心","shǐ fàngxīn","v","rassurer","v","","to tell someone that something is true so that they do not worry","reassure | promise | guarantee","Officials assured residents that the water was safe. | The minister gave assurances about job security.","assure the public | rest assured | give assurances","assurance (n) | reassure (v)","General Academic","3","AWL","9","assure","","ensure | insure","","as-SURE","","","",""
"attain","attain","v","attain","บรรลุถึง","","达到","dádào","v","parvenir à","v","","to succeed in reaching a goal after effort","achieve | reach | accomplish","Few students attain top grades in every subject. | Educational attainment is linked to income.","attain a goal | educational attainment | attain independence","attainment (n) | attainable (adj)","General Academic","3","AWL","9","attain","","","","at-TAIN","","","",""
"behalf","behalf","n","behalf","ในนามของ","","名义","míngyì","n","au nom de","phrase","","used in a fixed phrase meaning acting for someone or as their representative","for | representing | in the name of","The lawyer spoke on behalf of the victims. | On behalf of the team, thank you.","on behalf of | on someone's behalf | act on behalf of","","General Academic","3","AWL","9","behalf","","","","be-HALF","","","","zh"
"bias","bias","n","bias","อคติ","","偏见","piānjiàn","n","partialité","n","f","an unfair preference for or against one person or group","prejudice | partiality | favouritism","The survey showed a bias towards younger voters. | News reports should be unbiased.","gender bias | political bias | biased towards","unbiased (adj)","General Academic","3","AWL","8","bias","","","","BI-as","","","",""
"bulk","bulk","n","bulk","ส่วนใหญ่/ปริมาณมาก","","大部分","dàbùfen","n","majeure partie","n","f","the main or largest part of something; also a large size or amount","majority | mass | volume","The bulk of the budget goes on salaries. | Buying food in bulk saves money.","the bulk of | in bulk | bulk buying","bulky (adj)","General Academic","3","AWL","9","bulk","","","","BULK","","","",""
"cease","cease","v","cease","หยุด/เลิก","","停止","tíngzhǐ","v","cesser","v","","to stop happening or doing something","stop | end | halt","The factory ceased production in 2010. | Both sides agreed to a ceasefire.","cease to exist | cease operations | agree a ceasefire","ceasefire (n)","General Academic","3","AWL","9","cease","","","","CEASE","The mine stopped operating in 1990.","stopped","ceased",""
"chart","chart","n","chart","แผนภูมิ","","图表","túbiǎo","n","graphique","n","m","a drawing that shows information as lines, bars or a circle","graph | diagram | table","The chart shows changes in energy use. | The bar chart compares crime rates in five cities.","bar chart | pie chart | flow chart","","General Academic","3","AWL","8","chart","","","","CHART","","","",""
"clarify","clarify","v","clarify","ทำให้กระจ่าง","","澄清","chéngqīng","v","clarifier","v","","to make something easier to understand by explaining it","explain | make clear | spell out","The minister was asked to clarify her comments. | The new rules bring greater clarity.","clarify the situation | seek clarification | clarity of purpose","clarification (n) | clarity (n)","General Academic","3","AWL","8","clarify","","","","CLAR-i-fy","Could you make clear what you mean?","make clear","clarify",""
"coherent","coherent","adj","coherent","สอดคล้องเป็นเหตุเป็นผล","","连贯","liánguàn","adj","cohérent","adj","","clear, logical and easy to understand","logical | consistent | clear","The government lacks a coherent plan. | The witness gave an incoherent account.","coherent strategy | coherent argument | logically coherent","coherence (n) | incoherent (adj)","General Academic","3","AWL","9","coherent","","","","co-HER-ent","","","",""
"coincide","coincide","v","coincide","เกิดขึ้นพร้อมกัน","","同时发生","tóngshí fāshēng","v","coïncider","v","","to happen at the same time as something else","happen together | concur | clash","The strike coincided with the busiest week of the year. | It was no coincidence that prices rose.","coincide with | by coincidence | pure coincidence","coincidence (n)","General Academic","3","AWL","9","coincide","","","","co-in-CIDE","","","",""
"collapse","collapse","v","collapse","ล่มสลาย/พังทลาย","","倒塌","dǎotā","v","s'effondrer","v","","to fall down suddenly; also to fail completely","fall down | cave in | fail","The bridge collapsed during the earthquake. | The collapse of the bank caused panic.","economic collapse | near collapse | collapse of the building","","General Academic","3","AWL","10","collapse","","","","col-LAPSE","","","",""
"commence","commence","v","commence","เริ่มดำเนินการ","","开始","kāishǐ","v","commencer","v","","to begin","begin | start | launch","Construction will commence next spring. | The trial commenced in March.","commence work | commence operations | due to commence","commencement (n)","General Academic","3","AWL","9","commence","","","","com-MENCE","Work on the tunnel will begin in May.","begin","commence",""
"compatible","compatible","adj","compatible","เข้ากันได้","","兼容","jiānróng","adj","compatible","adj","","able to exist or work together without problems","consistent | suitable | matching","The new software is not compatible with older computers. | Their views on the issue are incompatible.","compatible with | fully compatible | incompatible with","compatibility (n) | incompatible (adj) | incompatibility (n)","General Academic","3","AWL","9","compatible","incompatible","","","com-PAT-i-ble","","","",""
"compile","compile","v","compile","รวบรวมเรียบเรียง","","汇编","huìbiān","v","compiler","v","","to collect information from different places and arrange it in a book, list or report","gather | collect | assemble","Researchers compiled data from 50 countries. | The album is a compilation of old recordings.","compile a list | compile data | compile a report","compilation (n)","General Academic","3","AWL","10","compile","","","","com-PILE","","","",""
"complement","complement","n/v","complement","เติมเต็ม/ส่วนเสริม","","互补","hùbǔ","v","compléter","v","","to go well with something and make it better or complete","enhance | complete | supplement","The two systems complement each other. | Online classes are complementary to lectures.","complement each other | perfect complement | complementary skills","complementary (adj)","General Academic","3","AWL","8","complement","","compliment","","COM-ple-ment","","","",""
"conceive","conceive","v","conceive","คิดขึ้นได้/นึกภาพออก","","构想","gòuxiǎng","v","concevoir","v","","to think of an idea or plan; also to imagine something","devise | imagine | think up","The project was conceived as a way to reduce crime. | It is inconceivable that the government knew nothing.","conceive of | originally conceived | inconceivable that","conceivable (adj) | inconceivable (adj)","General Academic","3","AWL","10","conceive","","","","con-CEIVE","","","",""
"concurrent","concurrent","adj","concurrent","ที่ดำเนินไปพร้อมกัน","","并行","bìngxíng","adj","simultané","adj","","happening or existing at the same time","simultaneous | parallel | coexisting","He is serving two concurrent prison sentences. | The two projects will run concurrently.","concurrent sessions | run concurrently | concurrent sentences","concurrently (adv)","General Academic","3","AWL","9","concurrent","","","","con-CUR-rent","","","",""
"confine","confine","v","confine","จำกัดขอบเขต","","局限","júxiàn","v","confiner","v","","to keep someone or something within limits or in a small space","restrict | limit | enclose","Survivors were confined to the bunker for weeks. | The problem is not confined to large cities.","confined to | confined space | solitary confinement","confinement (n)","General Academic","3","AWL","9","confine","","","","con-FINE","","","",""
"conform","conform","v","conform","ทำตามแบบแผน","","遵从","zūncóng","v","se conformer","v","","to behave in the way that most people or rules expect","comply | follow | obey","Buildings must conform to safety standards. | Teenagers often feel pressure to conform.","conform to | pressure to conform | social conformity","conformity (n)","General Academic","3","AWL","8","conform","","","","con-FORM","","","",""
"contemporary","contemporary","adj","contemporary","ร่วมสมัย","","当代","dāngdài","adj","contemporain","adj","","belonging to the present time; also living or happening at the same time","modern | current | present-day","The museum shows contemporary art. | Contemporary accounts describe the city in flames.","contemporary art | contemporary society | contemporary accounts","","General Academic","3","AWL","8","contemporary","","","","con-TEM-po-ra-ry","","","",""
"contradict","contradict","v","contradict","ขัดแย้งกัน","","相矛盾","xiāng máodùn","v","contredire","v","","to say the opposite of what someone has said; also to be so different that both cannot be true","deny | oppose | conflict with","The two reports contradict each other. | His statements were full of contradictions.","contradict each other | flatly contradict | contradictory evidence","contradiction (n) | contradictory (adj)","General Academic","3","AWL","8","contradict","","","","con-tra-DICT","","","",""
"controversy","controversy","n","controversy","ข้อโต้แย้ง","","争议","zhēngyì","n","controverse","n","f","public disagreement about an issue that many people have strong feelings about","dispute | debate | argument","The new law caused great controversy. | Animal testing remains a controversial issue.","cause controversy | controversial issue | surrounded by controversy","controversial (adj)","General Academic","3","AWL","9","controversy","","","","CON-tro-ver-sy","","","",""
"converse","converse","n/v","converse","ตรงกันข้าม","","反面","fǎnmiàn","n","inverse","n","m","the opposite of something; also to talk with someone","opposite | reverse | contrary","Some patients gain weight; conversely, others lose it. | The converse is also true.","the converse is true | conversely, the | converse with","conversely (adv)","General Academic","3","AWL","9","converse","","","","CON-verse","","","",""
"convey","convey","v","convey","สื่อความหมาย","","传达","chuándá","v","transmettre","v","","to communicate an idea or feeling; also to carry something from one place to another","communicate | express | transport","The poster conveys a clear message about safety. | Pipes convey water to the bunker.","convey a message | convey information | conveyor belt","conveyor (n)","General Academic","3","Topic","","","","","","con-VEY","The painting expresses a sense of loss.","expresses","conveys",""
"convince","convince","v","convince","โน้มน้าวให้เชื่อ","","使信服","shǐ xìnfú","v","convaincre","v","","to make someone believe that something is true, or get them to do something","persuade | satisfy | assure","Scientists convinced the public that the vaccine was safe. | The evidence was not convincing.","convince someone that | fully convinced | convincing evidence","unconvincing (adj)","General Academic","3","AWL","10","convince","","persuade","","con-VINCE","","","",""
"crucial","crucial","adj","crucial","สำคัญอย่างยิ่ง","","至关重要","zhìguān zhòngyào","adj","crucial","adj","","extremely important because it affects what happens next","vital | essential | critical","Clean water is crucial during an emergency. | Timing is crucial in a rescue operation.","crucial role | crucial factor | absolutely crucial","crucially (adv)","General Academic","3","AWL","8","crucial","","","","CRU-cial","","","",""
"denote","denote","v","denote","บ่งบอกถึง","","表示","biǎoshì","v","désigner","v","","to be a sign of something, or to mean something","indicate | signify | represent","Red markings denote danger zones. | In the chart, a star denotes a significant result.","denote a change | used to denote | denote danger","denotation (n)","General Academic","3","AWL","8","denote","","","","de-NOTE","","","",""
"depict","depict","v","depict","พรรณนา/วาดภาพ","","描绘","miáohuì","v","dépeindre","v","","to show or describe someone or something in a picture or story","portray | show | represent","The painting depicts life in a mining town. | The film's depiction of war is realistic.","depict as | vividly depict | depiction of","depiction (n)","General Academic","3","Topic","","","","","","de-PICT","","","",""
"detect","detect","v","detect","ตรวจจับ","","察觉","chájué","v","détecter","v","","to notice or discover something that is difficult to see","notice | discover | spot","Sensors detect movement in the tunnel. | Early detection of cancer saves lives.","detect a change | early detection | smoke detector","detection (n) | detective (n) | detector (n)","General Academic","3","AWL","8","detect","","","","de-TECT","","","",""
"deviate","deviate","v","deviate","เบี่ยงเบน","","偏离","piānlí","v","dévier","v","","to move away from what is normal, planned or expected","diverge | depart | stray","The pilot deviated from the planned route. | Any deviation from the rules must be reported.","deviate from | standard deviation | deviate from the plan","deviation (n) | deviant (adj)","General Academic","3","AWL","8","deviate","","","","DE-vi-ate","","","",""
"devote","devote","v","devote","ทุ่มเทให้","","奉献","fèngxiàn","v","consacrer","v","","to give time, effort or money to a particular activity","dedicate | commit | give","She devoted her career to fighting poverty. | The report devotes a whole chapter to crime.","devote time to | devoted to | devote resources","devotion (n)","General Academic","3","AWL","9","devote","","dedicate","","de-VOTE","","","",""
"diminish","diminish","v","diminish","ลดน้อยถอยลง","","减弱","jiǎnruò","v","diminuer","v","","to become smaller or weaker, or to make something do this","decrease | lessen | decline","The risk of flooding has diminished. | Food supplies in the bunker were diminishing.","diminish the risk | greatly diminished | diminishing returns","","General Academic","3","AWL","9","diminish","","","","di-MIN-ish","","","",""
"displace","displace","v","displace","ทำให้พลัดถิ่น/แทนที่","","使流离失所","shǐ liúlí shīsuǒ","v","déplacer","v","","to force people to leave their homes; also to take the place of something","uproot | replace | relocate","The war displaced millions of people. | Machines have displaced many factory workers.","displaced people | mass displacement | displaced by","displacement (n)","General Academic","3","AWL","8","displace","","","","dis-PLACE","","","",""
"distort","distort","v","distort","บิดเบือน","","歪曲","wāiqū","v","déformer","v","","to change the shape or meaning of something so that it is false","twist | misrepresent | warp","The newspaper distorted the facts. | The report is a distortion of what really happened.","distort the truth | distorted view | a distortion of","distortion (n)","General Academic","3","AWL","9","distort","","","","dis-TORT","","","",""
"duration","duration","n","duration","ระยะเวลา","","持续时间","chíxù shíjiān","n","durée","n","f","the length of time that something lasts","length | period | span","Survivors stayed underground for the duration of the war. | The average duration of a hospital stay has fallen.","for the duration of | short duration | duration of the course","","General Academic","3","AWL","9","duration","","","","du-RA-tion","","","",""
"encounter","encounter","v","encounter","พบเจอ/เผชิญ","","遭遇","zāoyù","v","rencontrer","v","","to experience or meet something, often unexpectedly","meet | face | come across","Rescuers encountered many problems underground. | It was their first encounter with the virus.","encounter problems | encounter difficulties | chance encounter","","General Academic","3","AWL","10","encounter","","","","en-COUN-ter","","","",""
"enormous","enormous","adj","enormous","มหาศาล","","巨大","jùdà","adj","énorme","adj","","extremely large","huge | vast | massive","The storm caused enormous damage. | The project has been enormously successful.","enormous amount | enormous pressure | enormously important","enormously (adv)","General Academic","3","AWL","10","enormous","","","","e-NOR-mous","The flood caused huge damage to homes.","huge","enormous",""
"entail","entail","v","entail","ทำให้เกิดขึ้นตามมา","","必然涉及","bìrán shèjí","v","entraîner","v","","to involve something as a necessary part or result","involve | require | mean","The job entails long hours underground. | Moving house entails a lot of paperwork.","entail risks | entail costs | what the job entails","","General Academic","3","Topic","","","","","","en-TAIL","","","",""
"ethical","ethical","adj","ethical","เชิงจริยธรรม","","伦理","lúnlǐ","adj","éthique","adj","","relating to beliefs about what is morally right and wrong","moral | principled | right","Testing on animals raises ethical questions. | The company was accused of unethical behaviour.","ethical issues | code of ethics | work ethic","ethic (n) | ethics (n) | unethical (adj)","General Academic","3","AWL","9","ethic","","","","ETH-i-cal","","","",""
"eventual","eventual","adj","eventual","ที่เกิดขึ้นในบั้นปลาย","","最后","zuìhòu","adj","final","adj","","happening at the end of a process or period","final | ultimate | later","The eventual cost was three times the estimate. | The survivors eventually reached safety.","eventual winner | eventual outcome | eventually agreed","eventually (adv)","General Academic","3","AWL","8","eventual","","ultimately","","e-VEN-tu-al","","","",""
"exert","exert","v","exert","ใช้แรง/ออกแรง","","施加","shījiā","v","exercer","v","","to use power or influence to affect something; also to make a physical effort","apply | use | wield","Lobby groups exert pressure on politicians. | Heavy physical exertion can be dangerous.","exert pressure | exert influence | physical exertion","exertion (n)","General Academic","3","Topic","","","","","","ex-ERT","","","",""
"exhibit","exhibit","v","exhibit","จัดแสดง","","展出","zhǎnchū","v","exposer","v","","to show something publicly; also to show a feeling or quality","display | show | present","The museum exhibits objects from the war. | Survivors exhibited signs of stress.","exhibit signs | art exhibition | on exhibit","exhibition (n)","General Academic","3","AWL","8","exhibit","","","","ex-HIB-it","","","",""
"exploit","exploit","v","exploit","ใช้ประโยชน์/เอาเปรียบ","","利用","lìyòng","v","exploiter","v","","to use something fully; also to treat someone unfairly for your own advantage","use | take advantage of | abuse","Some companies exploit cheap labour abroad. | The region's solar power is not fully exploited.","exploit resources | exploit workers | child exploitation","exploitation (n)","General Academic","3","AWL","8","exploit","","","","ex-PLOIT","","","",""
"fluctuate","fluctuate","v","fluctuate","ผันผวนขึ้นลง","","波动","bōdòng","v","fluctuer","v","","to change often, rising and falling in level or amount","vary | rise and fall | swing","Oil prices fluctuate from month to month. | Seasonal fluctuations in demand affect jobs.","fluctuate wildly | price fluctuations | fluctuate between","fluctuation (n)","General Academic","3","AWL","8","fluctuate","","","","FLUC-tu-ate","Food prices rise and fall throughout the year.","rise and fall","fluctuate",""
"format","format","n","format","รูปแบบการจัดวาง","","格式","géshì","n","format","n","m","the way something is arranged or presented","layout | design | structure","The exam follows the same format each year. | Files can be saved in several formats.","digital format | exam format | file format","formatting (n)","General Academic","3","AWL","9","format","","","","FOR-mat","","","",""
"forthcoming","forthcoming","adj","forthcoming","ที่กำลังจะมาถึง","","即将到来","jíjiāng dàolái","adj","prochain","adj","","going to happen soon; also willing to give information","upcoming | future | coming","Details will be given in a forthcoming report. | Officials were not forthcoming about the risks.","forthcoming election | forthcoming report | not forthcoming","","General Academic","3","AWL","10","forthcoming","","","","forth-COM-ing","","","",""
"found","found","v","found","ก่อตั้ง","","创立","chuànglì","v","fonder","v","","to start an organisation, city or company","establish | set up | create","The city was founded by traders in the twelfth century. | The founder of the company still runs it.","founded in | founding member | unfounded fears","founder (n) | unfounded (adj)","General Academic","3","AWL","9","found","","","","FOUND","","","",""
"guideline","guideline","n","guideline","แนวปฏิบัติ","","指导方针","zhǐdǎo fāngzhēn","n","ligne directrice","n","f","a piece of advice on how to do something, especially from an official body","advice | rule | instruction","Government guidelines recommend five portions of fruit a day. | Staff must follow safety guidelines.","follow guidelines | strict guidelines | official guidelines","","General Academic","3","AWL","8","guideline","","","","GUIDE-line","","","",""
"highlight","highlight","n/v","highlight","เน้นให้เห็น/ช่วงเด่น","","突出","tūchū","v","souligner","v","","to draw attention to something important; also the best part of an event","emphasise | stress | underline","The report highlights the risk of flooding. | The highlight of the trip was the old castle.","highlight the need | highlight the importance | the highlight of","","General Academic","3","AWL","8","highlight","","","","HIGH-light","","","",""
"implicit","implicit","adj","implicit","โดยนัย","","隐含","yǐnhán","adj","implicite","adj","","suggested but not said directly","implied | unspoken | indirect","There was an implicit threat in his words. | Many workers implicitly trust their employers.","implicit criticism | implicit assumption | implicitly accept","implicitly (adv)","General Academic","3","AWL","8","implicit","","explicit","","im-PLIC-it","","","",""
"inclination","inclination","n","inclination","ความโน้มเอียง","","倾向","qīngxiàng","n","penchant","n","m","a feeling that makes you want to act in a particular way","tendency | desire | preference","Few people had any inclination to leave the bunker. | Young people are more inclined to rent than to buy.","have an inclination | natural inclination | inclined to","incline (v)","General Academic","3","AWL","10","incline","","","","in-cli-NA-tion","","","",""
"induce","induce","v","induce","ชักนำให้เกิด","","诱发","yòufā","v","induire","v","","to cause something to happen, or to persuade someone to do something","cause | bring about | provoke","Stress can induce headaches. | New staff attend a two-day induction.","induce sleep | stress-induced | induction course","induction (n)","General Academic","3","AWL","8","induce","","","","in-DUCE","","","",""
"inevitable","inevitable","adj","inevitable","ที่หลีกเลี่ยงไม่ได้","","不可避免","bùkě bìmiǎn","adj","inévitable","adj","","certain to happen and impossible to avoid","unavoidable | certain | bound to happen","Delays are inevitable when roads are repaired. | Rising sea levels will inevitably affect coastal cities.","inevitable consequence | almost inevitable | inevitably lead to","inevitably (adv) | inevitability (n)","General Academic","3","AWL","8","inevitable","","","","in-EV-i-ta-ble","Some job losses are unavoidable.","unavoidable","inevitable",""
"inherent","inherent","adj","inherent","ที่มีอยู่ในตัว","","固有","gùyǒu","adj","inhérent","adj","","existing as a natural and permanent part of something","intrinsic | built-in | natural","There are risks inherent in any surgery. | No system is inherently safe.","inherent risk | inherent in | inherently unstable","inherently (adv)","General Academic","3","AWL","9","inherent","","","","in-HER-ent","","","",""
"insight","insight","n","insight","ความเข้าใจอย่างลึกซึ้ง","","洞察力","dòngchálì","n","perspicacité","n","f","a clear, deep understanding of a difficult situation","understanding | perception | awareness","The study offers new insights into criminal behaviour. | Her insightful comments helped the team.","gain insight into | valuable insight | provide insight","insightful (adj)","General Academic","3","AWL","9","insight","","","","IN-sight","","","",""
"inspect","inspect","v","inspect","ตรวจตรา","","视察","shìchá","v","inspecter","v","","to look at something carefully to check that it is safe or correct","examine | check | survey","Engineers inspect the bridge every year. | Food inspectors closed the restaurant.","inspect closely | safety inspection | health inspector","inspection (n) | inspector (n)","General Academic","3","AWL","8","inspect","","","","in-SPECT","","","",""
"integral","integral","adj","integral","ที่เป็นส่วนสำคัญ","","不可或缺","bùkě huòquē","adj","indispensable","adj","","necessary and important as part of a whole","essential | fundamental | central","Transport is integral to the city's economy. | Exercise is an integral part of recovery.","integral part | integral to | integral role","","General Academic","3","AWL","9","integral","","","","IN-te-gral","","","",""
"integrity","integrity","n","integrity","ความซื่อสัตย์/ความสมบูรณ์","","诚信","chéngxìn","n","intégrité","n","f","the quality of being honest and having strong moral principles; also being whole and undamaged","honesty | honour | soundness","Judges must act with integrity. | Engineers checked the structural integrity of the bunker.","personal integrity | structural integrity | academic integrity","","General Academic","3","AWL","10","integrity","","","","in-TEG-ri-ty","","","",""
"intense","intense","adj","intense","เข้มข้นรุนแรง","","强烈","qiángliè","adj","intense","adj","","very strong, great or extreme","extreme | severe | powerful","The region suffers intense heat in summer. | Fighting intensified overnight.","intense pressure | intense heat | intensive care","intensity (n) | intensify (v) | intensive (adj)","General Academic","3","AWL","8","intense","","","","in-TENSE","","","",""
"intermediate","intermediate","adj","intermediate","ระดับกลาง","","中级","zhōngjí","adj","intermédiaire","adj","","between two stages, levels or points","middle | halfway | in-between","The course is for intermediate learners. | The plan includes an intermediate stage.","intermediate level | intermediate stage | intermediate students","","General Academic","3","AWL","9","intermediate","","","","in-ter-ME-di-ate","","","",""
"intrinsic","intrinsic","adj","intrinsic","ที่มีอยู่โดยเนื้อแท้","","内在","nèizài","adj","intrinsèque","adj","","belonging naturally to something as a basic part of it","inherent | basic | natural","Learning has intrinsic value. | Some jobs are intrinsically dangerous.","intrinsic value | intrinsic motivation | intrinsically linked","intrinsically (adv)","General Academic","3","AWL","10","intrinsic","","","","in-TRIN-sic","","","",""
"invoke","invoke","v","invoke","เรียกใช้/อ้างถึง","","援引","yuányǐn","v","invoquer","v","","to use a law or principle to support an action; also to mention something to support an argument","cite | call on | appeal to","The government invoked emergency powers. | Politicians often invoke history to justify their plans.","invoke a law | invoke emergency powers | invoke the name of","invocation (n)","General Academic","3","AWL","10","invoke","","","","in-VOKE","","","",""
"likewise","likewise","adv","likewise","ในทำนองเดียวกัน","","同样","tóngyàng","adv","de même","adv","","in the same way; also","similarly | also | in the same way","Prices rose sharply; wages likewise increased. | The mayor praised the police and likewise thanked the volunteers.","likewise, the | do likewise | and likewise","","General Academic","3","AWL","10","likewise","","","","LIKE-wise","","","",""
"manipulate","manipulate","v","manipulate","บงการ/จัดการชักใย","","操纵","cāozòng","v","manipuler","v","","to control or influence someone or something in a clever, often unfair way","control | influence | exploit","Some adverts manipulate people's emotions. | The data had been manipulated to hide losses.","manipulate data | manipulate public opinion | emotional manipulation","manipulation (n) | manipulative (adj)","General Academic","3","AWL","8","manipulate","","","","ma-NIP-u-late","","","",""
"manual","manual","n/adj","manual","ด้วยมือ/คู่มือ","","手动","shǒudòng","adj","manuel","adj","","done with the hands; also a book of instructions","physical | handbook | guide","Manual workers are more likely to be injured. | Read the manual before using the machine.","manual labour | instruction manual | manually operated","manually (adv)","General Academic","3","AWL","9","manual","","","","MAN-u-al","","","",""
"mature","mature","adj","mature","เป็นผู้ใหญ่/เติบโตเต็มที่","","成熟","chéngshú","adj","mûr","adj","","fully grown or developed; also behaving in a sensible adult way","adult | grown-up | developed","Mature students often have jobs and families. | Emotional maturity develops with age.","mature student | emotionally mature | reach maturity","maturity (n) | immature (adj)","General Academic","3","AWL","9","mature","","","","ma-TURE","","","",""
"mediate","mediate","v","mediate","ไกล่เกลี่ย","","调解","tiáojiě","v","servir de médiateur","v","","to try to end a disagreement between two groups by talking to both","negotiate | arbitrate | intervene","A judge was asked to mediate between the two sides. | Talks were held through a neutral mediator.","mediate a dispute | act as mediator | mediation service","mediation (n) | mediator (n)","General Academic","3","AWL","9","mediate","","","","ME-di-ate","","","",""
"medium","medium","n/adj","medium","สื่อกลาง/ขนาดกลาง","","媒介","méijiè","n","moyen","n","m","a way of communicating or expressing something; also middle in size","means | channel | average","Television is a powerful medium for education. | Most firms in the region are small or medium-sized.","medium-sized | medium of communication | medium term","","General Academic","3","AWL","9","medium","","","","ME-di-um","","","",""
"minimal","minimal","adj","minimal","น้อยมาก","","极少","jíshǎo","adj","minime","adj","","very small in amount or degree","slight | negligible | small","The storm caused minimal damage. | The changes will have minimal impact on jobs.","minimal cost | minimal effort | minimal impact","minimally (adv)","General Academic","3","AWL","9","minimal","","","","MIN-i-mal","","","",""
"minimize","minimise","v","minimise | minimize","ลดให้เหลือน้อยที่สุด","","最小化","zuìxiǎohuà","v","minimiser","v","","to reduce something to the smallest amount possible","reduce | cut | lessen","Emergency plans aim to minimise loss of life. | Good design minimises energy waste.","minimise the risk | minimise costs | minimise damage","minimisation (n)","General Academic","3","AWL","8","minimise","","maximise","","MIN-i-mise","Staff must keep the risk as low as possible.","keep the risk as low as possible","minimise the risk",""
"mutual","mutual","adj","mutual","ร่วมกันทั้งสองฝ่าย","","相互","xiānghù","adj","mutuel","adj","","felt or done by two or more people towards each other; also shared","shared | reciprocal | joint","The agreement is based on mutual respect. | The two goals are not mutually exclusive.","mutual respect | mutual benefit | mutually exclusive","mutually (adv)","General Academic","3","AWL","9","mutual","","","","MU-tu-al","","","",""
"nonetheless","nonetheless","adv","nonetheless","ถึงกระนั้นก็ตาม","","尽管如此","jǐnguǎn rúcǐ","adv","toutefois","adv","","despite this fact","nevertheless | however | even so","The task was dangerous; nonetheless, they succeeded. | The early results are nonetheless encouraging.","but nonetheless | nonetheless important | nonetheless true","","General Academic","3","AWL","10","nonetheless","","","","none-the-LESS","","","",""
"notwithstanding","notwithstanding","prep","notwithstanding","แม้กระนั้นก็ตาม","","尽管","jǐnguǎn","prep","nonobstant","prep","","without being prevented by something (formal)","despite | in spite of | regardless of","Notwithstanding the cost, the project went ahead. | The plan, notwithstanding its faults, was approved.","notwithstanding the fact | notwithstanding this | notwithstanding the cost","","General Academic","3","AWL","10","notwithstanding","","","","not-with-STAND-ing","","","",""
"odd","odd","adj","odd","แปลก/เลขคี่","","奇怪","qíguài","adj","étrange","adj","","strange or unusual; also describing a number that cannot be divided by two","strange | unusual | peculiar","It is odd that no one reported the fire. | Houses with odd numbers are on the left side of the street.","odd behaviour | odd numbers | oddly enough","oddly (adv) | oddity (n)","General Academic","3","AWL","10","odd","","","","ODD","","","",""
"offset","offset","v","offset","ชดเชยหักล้าง","","抵消","dǐxiāo","v","compenser","v","","to balance one effect against another so that the first has less impact","balance | cancel out | compensate for","Higher wages were offset by rising prices. | Some airlines let passengers offset their carbon emissions.","offset the cost | offset losses | carbon offset","","General Academic","3","AWL","8","offset","","","","off-SET","","","",""
"ongoing","ongoing","adj","ongoing","ที่ดำเนินอยู่","","持续进行","chíxù jìnxíng","adj","en cours","adj","","continuing to happen or develop","continuing | current | in progress","The investigation is ongoing. | There is an ongoing debate about nuclear power.","ongoing debate | ongoing investigation | ongoing process","","General Academic","3","AWL","10","ongoing","","","","ON-go-ing","","","",""
"overlap","overlap","v","overlap","ซ้อนทับกัน","","重叠","chóngdié","v","se chevaucher","v","","to cover part of the same area or subject as something else","coincide | intersect | cross over","The two studies overlap in several areas. | There is considerable overlap between the courses.","overlap with | considerable overlap | overlapping roles","","General Academic","3","AWL","9","overlap","","","","o-ver-LAP","","","",""
"panel","panel","n","panel","คณะผู้พิจารณา/แผง","","专家组","zhuānjiāzǔ","n","comité","n","m","a small group of people chosen to discuss or judge something; also a flat piece of material","committee | board | jury","A panel of experts reviewed the plans. | Solar panels cover the roof of the bunker.","panel of experts | solar panel | panel discussion","","General Academic","3","AWL","10","panel","","","","PAN-el","","","",""
"passive","passive","adj","passive","เฉื่อยชา/เป็นฝ่ายรับ","","被动","bèidòng","adj","passif","adj","","accepting what happens without trying to change it; also not active","inactive | submissive | unresponsive","Watching television is a passive activity. | Passive smoking harms children.","passive smoking | passive role | remain passive","passively (adv)","General Academic","3","AWL","9","passive","","","","PAS-sive","","","",""
"persist","persist","v","persist","ยืนหยัดต่อเนื่อง","","持续存在","chíxù cúnzài","v","persister","v","","to continue to exist; also to keep doing something although it is difficult","continue | last | carry on","Inequality persists despite economic growth. | Persistent rain caused flooding.","problems persist | persistent offender | persistent pain","persistent (adj) | persistence (n)","General Academic","3","AWL","10","persist","","","","per-SIST","","","",""
"pervasive","pervasive","adj","pervasive","แพร่กระจายไปทั่ว","","无处不在","wúchù bùzài","adj","omniprésent","adj","","present or noticeable in every part of something","widespread | universal | prevalent","Corruption was pervasive under the old regime. | Fear pervaded the town after the attack.","pervasive influence | increasingly pervasive | pervasive problem","pervade (v)","General Academic","3","Topic","","","","","","per-VA-sive","","","",""
"plus","plus","prep/conj","plus","บวก/นอกจากนี้","","加上","jiāshàng","prep","plus","prep","","added to; and also","and | as well as | in addition to","The fine is a hundred pounds plus legal costs. | Plus, the bunker has its own water supply.","plus tax | plus the cost of | a big plus","","General Academic","3","AWL","8","plus","","","","PLUS","","","",""
"portion","portion","n","portion","ส่วนแบ่ง/ปริมาณต่อจาน","","份额","fèn'é","n","portion","n","f","a part of something larger; also an amount of food for one person","part | share | serving","A large portion of the budget goes on defence. | Restaurant portions have grown larger.","a large portion | portion size | significant portion","","General Academic","3","AWL","9","portion","","","","POR-tion","","","",""
"pose","pose","v","pose","ก่อให้เกิด/ตั้งคำถาม","","造成","zàochéng","v","poser","v","","to create a problem or danger; also to ask a question","present | create | raise","Rising sea levels pose a threat to coastal cities. | The report poses several difficult questions.","pose a threat | pose a risk | pose a question","","General Academic","3","AWL","10","pose","","","","POSE","","","",""
"predominant","predominant","adj","predominant","ที่เด่นเหนือกว่า","","占主导地位","zhàn zhǔdǎo dìwèi","adj","prédominant","adj","","more important, common or noticeable than others","main | dominant | prevailing","Rice is the predominant crop in the region. | The workforce is predominantly young.","predominant role | predominantly male | predominant view","predominantly (adv) | predominate (v)","General Academic","3","AWL","8","predominant","","","","pre-DOM-i-nant","","","",""
"preliminary","preliminary","adj","preliminary","เบื้องต้น","","初步","chūbù","adj","préliminaire","adj","","coming before a more important action or event","initial | early | introductory","Preliminary results suggest the treatment works. | A preliminary investigation found no signs of fraud.","preliminary results | preliminary findings | preliminary stage","","General Academic","3","AWL","9","preliminary","","","","pre-LIM-i-na-ry","","","",""
"prospect","prospect","n","prospect","โอกาสในอนาคต","","前景","qiánjǐng","n","perspective","n","f","the chance that something will happen; also future chances of success","chance | outlook | possibility","There is little prospect of peace. | Graduates' job prospects have improved.","job prospects | future prospects | prospective students","prospective (adj)","General Academic","3","AWL","8","prospect","","","","PROS-pect","","","",""
"protocol","protocol","n","protocol","ระเบียบปฏิบัติ","","规程","guīchéng","n","protocole","n","m","a set of official rules for how to act in a situation","procedure | rules | guidelines","Staff followed the safety protocol during the alarm. | The Kyoto Protocol set targets for emissions.","safety protocol | follow protocol | diplomatic protocol","","General Academic","3","AWL","9","protocol","","","","PRO-to-col","","","",""
"provoke","provoke","v","provoke","ยั่วยุให้เกิด","","激起","jīqǐ","v","provoquer","v","","to cause a strong reaction, especially anger; also to annoy someone on purpose","cause | spark | incite","The new tax provoked mass protests. | The attack was carried out without provocation.","provoke anger | provoke a reaction | without provocation","provocation (n) | provocative (adj)","General Academic","3","Topic","","","","","","pro-VOKE","","","",""
"radical","radical","adj","radical","ถึงรากถึงโคน/หัวรุนแรง","","激进","jījìn","adj","radical","adj","","very new and different; also supporting complete political change","fundamental | drastic | extreme","The city needs radical changes to its transport system. | Working life has changed radically.","radical change | radical reform | radically different","radically (adv)","General Academic","3","AWL","8","radical","","","","RAD-i-cal","","","",""
"reciprocal","reciprocal","adj","reciprocal","ซึ่งกันและกัน","","互惠","hùhuì","adj","réciproque","adj","","given or done by each of two people or groups to the other","mutual | shared | two-way","The two countries signed a reciprocal trade agreement. | Friendship depends on reciprocity.","reciprocal agreement | reciprocal relationship | reciprocate the favour","reciprocate (v) | reciprocity (n)","General Academic","3","Topic","","","","","","re-CIP-ro-cal","","","",""
"refine","refine","v","refine","ปรับปรุงให้ดีขึ้น/กลั่น","","完善","wánshàn","v","affiner","v","","to improve something by making small changes; also to make a substance pure","improve | perfect | purify","Researchers refined their methods over several years. | The crude oil is processed at a refinery.","refine a method | refined sugar | oil refinery","refinement (n) | refinery (n)","General Academic","3","AWL","9","refine","","","","re-FINE","","","",""
"reinforce","reinforce","v","reinforce","เสริมให้แข็งแรงขึ้น","","加强","jiāqiáng","v","renforcer","v","","to make something stronger, or to support an idea or feeling","strengthen | support | bolster","The walls of the bunker were reinforced with steel. | Advertising can reinforce gender stereotypes.","reinforce the idea | reinforced concrete | reinforce stereotypes","reinforcement (n)","General Academic","3","AWL","8","reinforce","","","","re-in-FORCE","","","",""
"relax","relax","v","relax","ผ่อนคลาย","","放松","fàngsōng","v","se détendre","v","","to rest and become calm; also to make rules less strict","loosen | ease | rest","The government relaxed its rules on travel. | Parks give city residents a place to relax.","relax the rules | relax restrictions | relaxation techniques","relaxation (n)","General Academic","3","AWL","9","relax","","","","re-LAX","","","",""
"reluctance","reluctance","n","reluctance","ความไม่เต็มใจ","","不情愿","bù qíngyuàn","n","réticence","n","f","unwillingness to do something","unwillingness | hesitation | resistance","There is reluctance among residents to leave their homes. | The minister reluctantly agreed to resign.","reluctance to | reluctant to | reluctantly agreed","reluctant (adj) | reluctantly (adv)","General Academic","3","AWL","10","reluctance","","","","re-LUC-tance","","","",""
"restore","restore","v","restore","ฟื้นฟู/คืนสภาพ","","修复","xiūfù","v","restaurer","v","","to bring something back to its former condition","repair | renew | bring back","Power was restored after six hours. | The restoration of the old station cost millions.","restore order | restore power | fully restored","restoration (n)","General Academic","3","AWL","8","restore","","","","re-STORE","Engineers brought back the water supply within a day.","brought back","restored",""
"restrain","restrain","v","restrain","ยับยั้งควบคุม","","克制","kèzhì","v","retenir","v","","to stop someone from doing something, often by using force","hold back | control | curb","Police restrained the angry protester. | The government has shown restraint in spending.","restrain yourself | show restraint | physically restrained","restraint (n)","General Academic","3","AWL","9","restrain","","","","re-STRAIN","","","",""
"revolution","revolution","n","revolution","การปฏิวัติ","","革命","gémìng","n","révolution","n","f","a sudden, complete change, especially in government or in the way things are done","transformation | upheaval | uprising","The industrial revolution changed how people lived. | Smartphones revolutionised communication.","industrial revolution | digital revolution | revolutionary idea","revolutionary (adj) | revolutionise (v)","General Academic","3","AWL","9","revolution","","","","rev-o-LU-tion","","","",""
"rigid","rigid","adj","rigid","เข้มงวด/แข็งทื่อ","","僵化","jiānghuà","adj","rigide","adj","","not able to bend or change easily","strict | inflexible | stiff","The rules are too rigid to allow exceptions. | The bunker door is made of rigid steel.","rigid rules | rigid structure | rigidly enforced","rigidly (adv) | rigidity (n)","General Academic","3","AWL","9","rigid","","","","RIG-id","","","",""
"scenario","scenario","n","scenario","สถานการณ์สมมติ","","情景","qíngjǐng","n","scénario","n","m","a description of events that might happen in the future","situation | case | outlook","In the worst-case scenario, the city would flood. | Planners tested several scenarios.","worst-case scenario | possible scenario | likely scenario","","General Academic","3","AWL","9","scenario","","","","sce-NAR-i-o","","","",""
"schedule","schedule","n","schedule","กำหนดการ","","日程表","rìchéngbiǎo","n","calendrier","n","m","a plan listing the times when things will happen","timetable | plan | programme","The project is running behind schedule. | The meeting is scheduled for Monday.","on schedule | behind schedule | tight schedule","","General Academic","3","AWL","8","schedule","","","","SCHED-ule","","","",""
"so-called","so-called","adj","so-called","ที่เรียกกันว่า","","所谓","suǒwèi","adj","soi-disant","adj","","used to show that a name or description may not be correct","alleged | supposed | self-styled","The so-called experts got it wrong. | So-called smart cities collect huge amounts of data.","so-called experts | so-called smart cities | the so-called","","General Academic","3","AWL","10","so-called","","","","so-CALLED","","","",""
"sphere","sphere","n","sphere","แวดวง/ทรงกลม","","领域","lǐngyù","n","sphère","n","f","an area of activity or interest; also a perfectly round object","area | field | domain","Women are gaining influence in the political sphere. | The earth is not a perfect sphere.","public sphere | sphere of influence | political sphere","spherical (adj)","General Academic","3","AWL","9","sphere","","","","SPHERE","","","",""
"straightforward","straightforward","adj","straightforward","ตรงไปตรงมา/ง่าย","","简单明了","jiǎndān míngliǎo","adj","simple","adj","","easy to understand or do; also honest and direct","simple | easy | clear","The instructions are straightforward. | She gave a straightforward answer.","relatively straightforward | straightforward process | fairly straightforward","","General Academic","3","AWL","10","straightforward","","","","straight-FOR-ward","","","",""
"subordinate","subordinate","n/adj","subordinate","ผู้ใต้บังคับบัญชา/ระดับรอง","","从属","cóngshǔ","adj","subordonné","adj","","less important or lower in rank than someone or something else","junior | inferior | secondary","Managers should treat subordinates with respect. | Local courts are subordinate to the high court.","subordinate role | subordinate to | junior subordinate","subordination (n)","General Academic","3","AWL","9","subordinate","","","","sub-OR-di-nate","","","",""
"supersede","supersede","v","supersede","เข้าแทนที่ของเดิม","","取代","qǔdài","v","supplanter","v","","to take the place of something older or less effective","replace | succeed | take over from","Paper maps have been superseded by satellite navigation. | The new law supersedes all previous rules.","superseded by | supersede the old system | largely superseded","","General Academic","3","Topic","","","","","supercede","su-per-SEDE","Letters have largely been replaced by email.","replaced","superseded",""
"supplement","supplement","n","supplement","สิ่งเสริม/อาหารเสริม","","补充","bǔchōng","n","supplément","n","m","something added to improve or complete something","addition | extra | add-on","Many people take vitamin supplements. | She supplements her income by teaching at weekends.","vitamin supplement | supplement income | supplementary material","supplementary (adj)","General Academic","3","AWL","9","supplement","","","","SUP-ple-ment","","","",""
"suspend","suspend","v","suspend","ระงับชั่วคราว","","暂停","zàntíng","v","suspendre","v","","to officially stop something for a period of time; also to hang something","halt | postpone | interrupt","Train services were suspended because of flooding. | The player received a three-match suspension.","temporarily suspended | suspend operations | suspended sentence","suspension (n)","General Academic","3","AWL","9","suspend","","","","sus-PEND","All flights were stopped for a day.","stopped","suspended",""
"team","team","n","team","ทีม","","团队","tuánduì","n","équipe","n","f","a group of people who work or play together","group | crew | squad","A team of engineers repaired the generator. | Good teamwork is essential in an emergency.","rescue team | team member | team spirit","teamwork (n)","General Academic","3","AWL","9","team","","","","TEAM","","","",""
"temporary","temporary","adj","temporary","ชั่วคราว","","暂时","zànshí","adj","temporaire","adj","","lasting for only a short time","short-term | provisional | interim","Refugees were housed in temporary shelters. | The road is temporarily closed.","temporary shelter | temporary job | temporarily closed","temporarily (adv)","General Academic","3","AWL","9","temporary","","","","TEM-po-ra-ry","Families were moved into short-term housing.","short-term","temporary",""
"tense","tense","adj","tense","ตึงเครียด","","紧张","jǐnzhāng","adj","tendu","adj","","nervous and worried, or causing this feeling; also stretched tight","stressed | anxious | strained","The atmosphere in the bunker was tense. | Tension between the two groups grew.","tense situation | rising tension | ethnic tensions","tension (n)","General Academic","3","AWL","8","tense","","","","TENSE","","","",""
"terminate","terminate","v","terminate","ยุติ/สิ้นสุด","","终止","zhōngzhǐ","v","terminer","v","","to end something, or to come to an end","end | stop | cancel","The contract was terminated early. | The bus terminates at the airport.","terminate a contract | terminate employment | bus terminal","termination (n) | terminal (n)","General Academic","3","AWL","8","terminate","","","","TER-mi-nate","The company ended his contract without warning.","ended","terminated",""
"theme","theme","n","theme","แก่นเรื่อง","","主题","zhǔtí","n","thème","n","m","the main subject of a talk, book or event","subject | topic | idea","Survival is the central theme of the novel. | The conference theme was urban safety.","central theme | common theme | recurring theme","thematic (adj)","General Academic","3","AWL","8","theme","","","","THEME","","","",""
"thereby","thereby","adv","thereby","ด้วยเหตุนั้น","","从而","cóng'ér","adv","ainsi","adv","","as a result of the action just mentioned","thus | as a result | so","The dam controls floods, thereby protecting farmland. | Taxes were cut, thereby increasing demand.","thereby reducing | thereby increasing | thereby allowing","","General Academic","3","AWL","8","thereby","","","","there-BY","","","",""
"trigger","trigger","v","trigger","เป็นชนวน/กระตุ้น","","引发","yǐnfā","v","déclencher","v","","to make something start to happen, often suddenly","cause | spark | set off","The earthquake triggered a tsunami. | Stress is a common trigger for headaches.","trigger an alarm | trigger a reaction | common trigger","","General Academic","3","AWL","9","trigger","","","","TRIG-ger","The news set off a wave of panic buying.","set off","triggered",""
"undergo","undergo","v","undergo","ผ่าน (ประสบการณ์)/ได้รับ (การรักษา)","","经历","jīnglì","v","subir","v","","to experience something, especially a change or medical treatment","experience | go through | endure","The city is undergoing rapid change. | Patients undergo tests before surgery.","undergo surgery | undergo change | undergo treatment","","General Academic","3","AWL","10","undergo","","","","un-der-GO","","","",""
"uniform","uniform","n/adj","uniform","เป็นแบบเดียวกัน/เครื่องแบบ","","均匀","jūnyún","adj","uniforme","adj","","the same in all parts or at all times; also special clothes worn by members of a group","consistent | identical | standard","Temperatures in the bunker are uniform throughout the year. | Soldiers must wear uniform on duty.","uniform standards | school uniform | uniformly distributed","uniformity (n) | uniformly (adv)","General Academic","3","AWL","8","uniform","","","","U-ni-form","","","",""
"unify","unify","v","unify","รวมเป็นหนึ่ง","","统一","tǒngyī","v","unifier","v","","to join people or things together so that they form one unit","unite | join | combine","The leader tried to unify the divided country. | German unification took place in 1990.","unify the country | unified approach | national unification","unification (n)","General Academic","3","AWL","9","unify","","","","U-ni-fy","","","",""
"via","via","prep","via","ผ่านทาง","","通过","tōngguò","prep","via","prep","","going through a place, or using a particular method","through | by way of | by means of","We travelled to Paris via London. | Documents can be submitted via email.","via email | via the internet | travel via","","General Academic","3","AWL","8","via","","","","VI-a","","","",""
"vision","vision","n","vision","วิสัยทัศน์/การมองเห็น","","愿景","yuànjǐng","n","vision","n","f","an idea of how the future should be; also the ability to see","plan | dream | eyesight","The mayor set out her vision for a greener city. | Poor vision can make driving dangerous.","a vision for | long-term vision | blurred vision","visionary (adj)","General Academic","3","AWL","9","vision","","","","VI-sion","","","",""
"visual","visual","adj","visual","ทางการมองเห็น","","视觉","shìjué","adj","visuel","adj","","relating to seeing or sight","optical | graphic | seen","Charts provide a visual summary of the data. | It helps to visualise the problem.","visual aids | visual impairment | visually impaired","visualise (v) | visually (adv)","General Academic","3","AWL","8","visual","","visible","","VIS-u-al","","","",""
"whereby","whereby","adv","whereby","โดยที่","","借此","jiècǐ","adv","par lequel","adv","","by which; through which","by which | through which | in which","The scheme is a system whereby workers share profits. | They introduced a process whereby complaints are handled quickly.","a system whereby | a process whereby | an arrangement whereby","","General Academic","3","AWL","10","whereby","","","","where-BY","","","","fr"
"widespread","widespread","adj","widespread","แพร่หลาย","","广泛","guǎngfàn","adj","répandu","adj","","happening or existing in many places or among many people","common | extensive | prevalent","There is widespread support for the ban. | Poverty remains widespread in rural areas.","widespread support | widespread use | widespread damage","","General Academic","3","AWL","8","widespread","","","","WIDE-spread","","","",""
"algorithm","algorithm","n","algorithm","อัลกอริทึม","","算法","suànfǎ","n","algorithme","n","m","a set of rules that a computer follows to solve a problem or make a decision","procedure | formula | program","Social media algorithms decide what users see. | Banks use algorithms to detect fraud.","complex algorithm | search algorithm | algorithmic trading","algorithmic (adj)","Technology","3","Topic","","","","","","AL-go-rithm","","","",""
"artificial","artificial","adj","artificial","ประดิษฐ์ขึ้น/เทียม","","人工","réngōng","adj","artificiel","adj","","made by people rather than happening naturally","man-made | synthetic | fake","Artificial intelligence is changing many jobs. | Prices were kept artificially low.","artificial intelligence | artificial light | artificially low","artificially (adv)","Technology","3","Topic","","","","","","ar-ti-FI-cial","","","",""
"automate","automate","v","automate","ทำให้เป็นอัตโนมัติ","","自动化","zìdònghuà","v","automatiser","v","","to use machines or computers instead of people to do a job","mechanise | computerise | robotise","Many factory jobs have been automated. | Automation could replace millions of workers.","fully automated | automated system | job automation","automation (n) | automatic (adj) | automatically (adv)","Technology","3","AWL","8","automate","","","","AU-to-mate","","","",""
"bandwidth","bandwidth","n","bandwidth","แบนด์วิดท์","","带宽","dàikuān","n","bande passante","n","f","the amount of information that an internet connection can carry in a given time","capacity | connection speed | data rate","Video calls need a lot of bandwidth. | Rural areas often lack bandwidth.","high bandwidth | limited bandwidth | bandwidth demand","","Technology","3","Topic","","","","","","BAND-width","","","",""
"code","code","n","code","รหัส/ประมวลกฎ","","代码","dàimǎ","n","code","n","m","a set of rules; also instructions written for a computer","rules | program | cipher","The software contains millions of lines of code. | Coding is now taught in primary schools.","computer code | dress code | code of practice","coding (n) | decode (v)","Technology","3","AWL","4","code","","","","CODE","","","",""
"compute","compute","v","compute","คำนวณ","","计算","jìsuàn","v","calculer","v","","to calculate an answer or amount","calculate | work out | reckon","The software computes the risk of flooding. | Computers have transformed the way we work.","compute the cost | personal computer | computer science","computer (n) | computation (n)","Technology","3","AWL","2","compute","","","","com-PUTE","","","",""
"database","database","n","database","ฐานข้อมูล","","数据库","shùjùkù","n","base de données","n","f","a large collection of information stored on a computer in an organised way","data bank | archive | records","Police keep a database of fingerprints. | The database holds records of every resident.","national database | online database | database of records","","Technology","3","Topic","","","","","","DA-ta-base","","","",""
"device","device","n","device","อุปกรณ์","","设备","shèbèi","n","appareil","n","m","a piece of equipment made for a particular purpose","gadget | tool | appliance","Mobile devices are now widely used for banking. | The device measures radiation levels.","mobile device | electronic device | safety device","","Technology","3","AWL","9","device","","","","de-VICE","","","",""
"digital","digital","adj","digital","ดิจิทัล","","数字","shùzì","adj","numérique","adj","","using computer technology, or storing information as numbers","electronic | online | computerised","Digital technology has changed how people read. | Old records are being digitised.","digital technology | digital age | digital divide","digitally (adv) | digitise (v)","Technology","3","Topic","","","","","","DIG-i-tal","","","",""
"encrypt","encrypt","v","encrypt","เข้ารหัส","","加密","jiāmì","v","chiffrer","v","","to change information into a code so that others cannot read it","encode | scramble | protect","Messages are encrypted before they are sent. | Strong encryption protects bank data.","encrypted data | end-to-end encryption | encrypt files","encryption (n) | decrypt (v)","Technology","3","Topic","","","","","","en-CRYPT","","","",""
"file","file","n/v","file","ไฟล์/ยื่นเรื่อง","","文件","wénjiàn","n","fichier","n","m","a set of documents or computer data stored together; also to officially submit something","document | record | folder","Save the file before closing the program. | She filed a complaint against her employer.","computer file | file a complaint | file a claim","","Technology","3","AWL","7","file","","","","FILE","","","",""
"gadget","gadget","n","gadget","อุปกรณ์ไฮเทคขนาดเล็ก","","小装置","xiǎo zhuāngzhì","n","gadget","n","m","a small, clever tool or electronic machine","device | tool | appliance","Children spend hours on electronic gadgets. | The kitchen is full of the latest gadgets.","electronic gadgets | latest gadget | gadget lover","","Technology","3","Topic","","","","","","GAD-get","","","",""
"hardware","hardware","n","hardware","ฮาร์ดแวร์","","硬件","yìngjiàn","n","matériel","n","m","the physical parts of a computer and related equipment","equipment | machinery | components","The hardware was damaged in the flood. | Old hardware cannot run the new programs.","computer hardware | hardware failure | hardware and software","","Technology","3","Topic","","","","software","","HARD-ware","","","",""
"innovate","innovate","v","innovate","สร้างนวัตกรรม","","创新","chuàngxīn","v","innover","v","","to introduce new ideas, methods or products","invent | pioneer | modernise","Companies must innovate to survive. | Technological innovation drives economic growth.","technological innovation | innovative approach | encourage innovation","innovation (n) | innovative (adj) | innovator (n)","Technology","3","AWL","7","innovate","","","","IN-no-vate","","","",""
"internet","internet","n","internet","อินเทอร์เน็ต","","互联网","hùliánwǎng","n","internet","n","m","the worldwide system of connected computer networks","the web | the net | online network","Most households now have internet access. | Many people do their shopping on the internet.","internet access | on the internet | internet connection","","Technology","3","Topic","","","","","","IN-ter-net","","","",""
"network","network","n","network","เครือข่าย","","网络","wǎngluò","n","réseau","n","m","a system of connected computers, people or lines","system | web | grid","The company's computer network was hacked. | Social networks help job seekers find work.","computer network | social network | rail network","networking (n)","Technology","3","AWL","5","network","","","","NET-work","","","",""
"obsolete","obsolete","adj","obsolete","ล้าสมัย","","过时","guòshí","adj","obsolète","adj","","no longer used because something newer has replaced it","outdated | out of date | old-fashioned","Fax machines are now largely obsolete. | Many skills may soon become obsolete.","become obsolete | obsolete technology | largely obsolete","obsolescence (n)","Technology","3","Topic","","","","","","ob-so-LETE","The old equipment is completely out of date.","out of date","obsolete",""
"patent","patent","n","patent","สิทธิบัตร","","专利","zhuānlì","n","brevet","n","m","an official right to be the only person or company allowed to make or sell an invention","copyright | licence | rights","The company holds patents on several drugs. | The inventor patented her design.","apply for a patent | patent protection | patented technology","","Technology","3","Topic","","","","","","PAT-ent","","","",""
"prototype","prototype","n","prototype","ต้นแบบ","","原型","yuánxíng","n","prototype","n","m","the first model of a new machine or product, used for testing","model | trial version | pilot","Engineers tested a prototype of the new car. | The prototype failed its first safety test.","working prototype | build a prototype | early prototype","","Technology","3","Topic","","","","","","PRO-to-type","","","",""
"robot","robot","n","robot","หุ่นยนต์","","机器人","jīqìrén","n","robot","n","m","a machine that can do tasks automatically, often ones done by people","machine | android | automaton","Robots now do many jobs in car factories. | Robotic surgery can reduce recovery time.","industrial robot | robotic arm | robotics industry","robotic (adj) | robotics (n)","Technology","3","Topic","","","","","","RO-bot","","","",""
"simulate","simulate","v","simulate","จำลอง","","模拟","mónǐ","v","simuler","v","","to copy the conditions of a real situation, often using a computer","imitate | model | replicate","Pilots train on machines that simulate real flights. | Computer simulations predict how the virus will spread.","computer simulation | flight simulator | simulate conditions","simulation (n) | simulator (n)","Technology","3","AWL","7","simulate","","","","SIM-u-late","","","",""
"smartphone","smartphone","n","smartphone","สมาร์ตโฟน","","智能手机","zhìnéng shǒujī","n","smartphone","n","m","a mobile phone that also works as a small computer","mobile | cell phone | handset","Most teenagers own a smartphone. | Smartphone use at night can disturb sleep.","smartphone app | smartphone users | smartphone addiction","","Technology","3","Topic","","","","","","SMART-phone","","","",""
"software","software","n","software","ซอฟต์แวร์","","软件","ruǎnjiàn","n","logiciel","n","m","the programs that make a computer do different tasks","programs | applications | apps","The company develops software for hospitals. | Update your software regularly to stay safe.","computer software | software update | install software","","Technology","3","Topic","","","","hardware","","SOFT-ware","","","",""
"stream","stream","v","stream","สตรีม/ส่งข้อมูลแบบต่อเนื่อง","","流式传输","liúshì chuánshū","v","diffuser en continu","v","","to play video or music directly from the internet without saving it first","broadcast | play online | transmit","Millions of people stream films every night. | Streaming services have largely replaced DVDs.","stream live | streaming service | live stream","streaming (n)","Technology","3","Topic","","","","","","STREAM","","","",""
"technical","technical","adj","technical","ทางเทคนิค","","技术性","jìshùxìng","adj","technique","adj","","relating to the practical knowledge or machines used in a particular job","practical | mechanical | specialist","The launch was delayed by technical problems. | Technicians repaired the power supply.","technical problems | technical support | technically possible","technically (adv) | technician (n)","Technology","3","AWL","3","technical","","","","TECH-ni-cal","","","",""
"technique","technique","n","technique","กลวิธี","","技巧","jìqiǎo","n","procédé","n","m","a particular way of doing something that needs skill","method | approach | skill","New farming techniques have increased yields. | Surgeons learn the technique over many years.","new technique | teaching techniques | master a technique","","Technology","3","AWL","3","technique","","","","tech-NIQUE","","","",""
"technology","technology","n","technology","เทคโนโลยี","","技术","jìshù","n","technologie","n","f","the use of scientific knowledge for practical purposes, especially in machines and computers","applied science | machinery | innovation","Technology has changed how people work. | Technological advances have reduced costs.","modern technology | information technology | technological change","technological (adj) | technologically (adv)","Technology","3","AWL","3","technology","","","","tech-NOL-o-gy","","","",""
"upgrade","upgrade","v","upgrade","ยกระดับ/อัปเกรด","","升级","shēngjí","v","mettre à niveau","v","","to improve a machine or system by adding newer parts; also to raise something to a higher standard","improve | update | modernise","The city plans to upgrade its rail network. | The software upgrade fixed several problems.","upgrade the system | software upgrade | major upgrade","","Technology","3","Topic","","","","","","up-GRADE","","","",""
"virtual","virtual","adj","virtual","เสมือนจริง/เกือบจะ","","虚拟","xūnǐ","adj","virtuel","adj","","created by computers to seem real; also almost completely","simulated | online | near","Students can take a virtual tour of the campus. | The city was virtually empty during the lockdown.","virtual reality | virtual meeting | virtually impossible","virtually (adv)","Technology","3","AWL","8","virtual","","","","VIR-tu-al","","","",""
"wireless","wireless","adj","wireless","ไร้สาย","","无线","wúxiàn","adj","sans fil","adj","","using radio signals instead of cables to connect machines","cordless | Wi-Fi | radio","Most cafés offer free wireless internet. | Wireless networks can be vulnerable to hackers.","wireless network | wireless technology | wireless connection","","Technology","3","Topic","","","","","","WIRE-less","","","",""
"administration","administration","n","administration","การบริหาร/คณะบริหาร","","行政","xíngzhèng","n","administration","n","f","the management of an organisation or country; also the government in power","management | government | running","The new administration promised to cut taxes. | Administrative costs take up a tenth of the budget.","local administration | administrative costs | hospital administrator","administrate (v) | administrative (adj) | administrator (n)","Government & Law","3","AWL","2","administrate","","","","ad-min-is-TRA-tion","","","",""
"amend","amend","v","amend","แก้ไขเพิ่มเติม","","修正","xiūzhèng","v","amender","v","","to change a law or document slightly to improve it","revise | alter | modify","Parliament voted to amend the law. | The constitution has had several amendments.","amend the law | amended version | constitutional amendment","amendment (n)","Government & Law","3","AWL","5","amend","","","","a-MEND","","","",""
"authority","authority","n","authority","อำนาจหน้าที่","","权力","quánlì","n","autorité","n","f","the power to give orders or make decisions; also an official organisation with this power","power | control | government","Local authorities are responsible for rubbish collection. | Only authorised staff may enter the bunker.","local authority | in authority | authorised personnel","authorise (v) | authoritative (adj)","Government & Law","3","AWL","1","authority","","","","au-THOR-i-ty","","","",""
"autonomy","autonomy","n","autonomy","ความเป็นอิสระ","","自治","zìzhì","n","autonomie","n","f","the right of a region or group to govern itself; also personal freedom to decide","independence | self-government | freedom","The region was granted greater autonomy. | Teachers want more autonomy in the classroom.","regional autonomy | greater autonomy | autonomous region","autonomous (adj)","Government & Law","3","Topic","","","","","","au-TON-o-my","","","",""
"ballot","ballot","n","ballot","บัตรลงคะแนน/การลงคะแนนลับ","","选票","xuǎnpiào","n","bulletin de vote","n","m","a system of secret voting, or the paper used to vote","vote | poll | election","Voters cast their ballots in secret. | The union held a ballot on strike action.","secret ballot | ballot paper | cast a ballot","","Government & Law","3","Topic","","","","","","BAL-lot","","","",""
"bureaucracy","bureaucracy","n","bureaucracy","ระบบราชการ","","官僚体制","guānliáo tǐzhì","n","bureaucratie","n","f","a system of government with many complicated rules and officials","red tape | administration | officialdom","Small businesses complain about excessive bureaucracy. | Bureaucratic delays held up the aid.","government bureaucracy | cut bureaucracy | bureaucratic procedures","bureaucratic (adj) | bureaucrat (n)","Government & Law","3","Topic","","","","","beaurocracy","bu-REAUC-ra-cy","","","",""
"census","census","n","census","สำมะโนประชากร","","人口普查","rénkǒu pǔchá","n","recensement","n","m","an official count of a country's population, done every few years","population count | survey | poll","The census is carried out every ten years. | Census data show that the city is growing.","national census | census data | carry out a census","","Government & Law","3","Topic","","","","","","CEN-sus","","","",""
"civil","civil","adj","civil","พลเรือน/ทางแพ่ง","","公民","gōngmín","adj","civil","adj","","relating to the ordinary people of a country rather than the army or church; also polite","civic | public | non-military","Civil servants run government departments. | Thousands of civilians fled the fighting.","civil rights | civil war | civil servant","civilian (n)","Government & Law","3","AWL","4","civil","","","","CIV-il","","","",""
"clause","clause","n","clause","ข้อกำหนด/อนุประโยค","","条款","tiáokuǎn","n","clause","n","f","a section of a legal document; also a group of words with a verb","section | article | provision","The contract contains a clause on overtime pay. | A new clause was added to the bill.","contract clause | add a clause | escape clause","","Government & Law","3","AWL","5","clause","","","","CLAUSE","","","",""
"commission","commission","n/v","commission","คณะกรรมการ/มอบหมาย","","委员会","wěiyuánhuì","n","commission","n","f","an official group given a special task; also to order a piece of work","committee | board | order","A commission was set up to look into the disaster. | The council commissioned a report on crime.","set up a commission | European Commission | commission a report","commissioner (n)","Government & Law","3","AWL","2","commission","","","","com-MIS-sion","","","",""
"comply","comply","v","comply","ปฏิบัติตาม","","遵守","zūnshǒu","v","respecter","v","","to obey a rule, law or request","obey | follow | conform","All factories must comply with safety rules. | Compliance with the new law is checked regularly.","comply with | fail to comply | ensure compliance","compliance (n) | compliant (adj)","Government & Law","3","Topic","","","","","","com-PLY","Every factory must obey the new rules.","obey","comply with",""
"consent","consent","n","consent","ความยินยอม","","同意","tóngyì","n","consentement","n","m","permission or agreement to do something","permission | approval | agreement","Data cannot be shared without the user's consent. | There is a broad consensus that taxes should rise.","give consent | without consent | reach a consensus","consensus (n) | consensual (adj)","Government & Law","3","AWL","3","consent","","","","con-SENT","","","",""
"constitute","constitute","v","constitute","ประกอบเป็น/ถือเป็น","","构成","gòuchéng","v","constituer","v","","to form or be something; also to be the parts that make up a whole","form | make up | represent","Women constitute half of the workforce. | The constitution protects freedom of speech.","constitute a threat | written constitution | constitutional right","constitution (n) | constitutional (adj)","Government & Law","3","AWL","1","constitute","","","","CON-sti-tute","","","",""
"convene","convene","v","convene","เรียกประชุม","","召集","zhàojí","v","convoquer","v","","to arrange a formal meeting, or to come together for one","assemble | gather | summon","The committee will convene next month. | Conventional medicine is sometimes combined with other therapies.","convene a meeting | conventional wisdom | international convention","convention (n) | conventional (adj) | unconventional (adj)","Government & Law","3","AWL","3","convene","","","","con-VENE","","","",""
"democracy","democracy","n","democracy","ประชาธิปไตย","","民主","mínzhǔ","n","démocratie","n","f","a system of government in which people choose their leaders by voting","self-government | republic | representative government","Free elections are the basis of democracy. | The country held its first democratic elections.","parliamentary democracy | democratic government | democratically elected","democratic (adj) | democratically (adv)","Government & Law","3","Topic","","","","","","de-MOC-ra-cy","","","",""
"diplomacy","diplomacy","n","diplomacy","การทูต","","外交","wàijiāo","n","diplomatie","n","f","the work of managing relations between countries","negotiation | statesmanship | tact","The crisis was resolved through diplomacy. | Diplomats met to discuss the border dispute.","international diplomacy | diplomatic relations | quiet diplomacy","diplomat (n) | diplomatic (adj)","Government & Law","3","Topic","","","","","","di-PLO-ma-cy","","","",""
"election","election","n","election","การเลือกตั้ง","","选举","xuǎnjǔ","n","élection","n","f","a time when people vote to choose a person for an official position","vote | poll | ballot","The general election will be held in May. | She was elected mayor last year.","general election | win an election | electoral system","elect (v) | electoral (adj)","Government & Law","3","Topic","","","","","","e-LEC-tion","","","",""
"enforce","enforce","v","enforce","บังคับใช้","","执行","zhíxíng","v","appliquer","v","","to make sure that people obey a law or rule","impose | apply | carry out","The police enforce speed limits with cameras. | Law enforcement agencies share data.","enforce the law | strictly enforced | law enforcement","enforcement (n)","Government & Law","3","AWL","5","enforce","","","","en-FORCE","","","",""
"federal","federal","adj","federal","ระดับรัฐบาลกลาง","","联邦","liánbāng","adj","fédéral","adj","","relating to a system in which states or regions share power with a central government","national | central | union","Federal laws apply in every state. | The federation includes six regions.","federal government | federal law | federal funding","federation (n)","Government & Law","3","AWL","6","federal","","","","FED-er-al","","","",""
"ideology","ideology","n","ideology","อุดมการณ์","","意识形态","yìshí xíngtài","n","idéologie","n","f","a set of beliefs that a political system or party is based on","doctrine | beliefs | philosophy","The party's ideology favours low taxes. | The two countries were divided by ideological differences.","political ideology | ideological differences | dominant ideology","ideological (adj)","Government & Law","3","AWL","7","ideology","","","","i-de-OL-o-gy","","","",""
"impose","impose","v","impose","กำหนดให้ต้องยอมรับ","","强加","qiángjiā","v","imposer","v","","to introduce a rule, tax or punishment and force people to accept it","enforce | introduce | inflict","The government imposed a curfew after the riots. | New taxes were imposed on sugary drinks.","impose a ban | impose restrictions | impose a fine","imposition (n)","Government & Law","3","AWL","4","impose","","","","im-POSE","","","",""
"jury","jury","n","jury","คณะลูกขุน","","陪审团","péishěntuán","n","jury","n","m","a group of ordinary people who decide in court whether someone is guilty","panel | judges | tribunal","The jury found him guilty. | Jury members must not discuss the case.","trial by jury | jury service | the jury found","","Government & Law","3","Topic","","","","","","JU-ry","","","",""
"lawsuit","lawsuit","n","lawsuit","คดีฟ้องร้อง","","诉讼","sùsòng","n","procès","n","m","a case in a court brought by one person or group against another","legal action | case | claim","Residents filed a lawsuit against the chemical company. | The lawsuit was settled out of court.","file a lawsuit | settle a lawsuit | class-action lawsuit","","Government & Law","3","Topic","","","","","","LAW-suit","","","",""
"legal","legal","adj","legal","ถูกกฎหมาย/ทางกฎหมาย","","合法","héfǎ","adj","légal","adj","","allowed by the law, or relating to the law","lawful | legitimate | judicial","Smoking in bars is no longer legal. | Illegal dumping of waste is a serious offence.","legal action | legal system | illegal activity","legally (adv) | illegal (adj) | legality (n)","Government & Law","3","AWL","1","legal","","","","LE-gal","","","",""
"legislate","legislate","v","legislate","ออกกฎหมาย","","立法","lìfǎ","v","légiférer","v","","to make laws","make laws | enact | regulate","The government plans to legislate against online abuse. | New legislation bans single-use plastics.","introduce legislation | legislate against | legislative power","legislation (n) | legislative (adj) | legislator (n)","Government & Law","3","AWL","1","legislate","","","","LEG-is-late","","","",""
"levy","levy","n/v","levy","เรียกเก็บภาษี","","征收","zhēngshōu","v","prélever","v","","to officially demand a tax or charge; also the tax itself","charge | impose | tax","The government levied a tax on plastic bags. | A new levy on sugary drinks raised millions.","levy a tax | impose a levy | sugar levy","","Government & Law","3","AWL","10","levy","","","","LEV-y","","","",""
"liberal","liberal","adj","liberal","เสรีนิยม/ใจกว้าง","","自由主义","zìyóu zhǔyì","adj","libéral","adj","","respecting different opinions and supporting personal freedom","tolerant | progressive | open-minded","Liberal attitudes to divorce have spread. | Trade was liberalised in the 1990s.","liberal democracy | liberal views | liberalise trade","liberalise (v) | liberate (v) | liberation (n)","Government & Law","3","AWL","5","liberal","","","","LIB-er-al","","","",""
"licence","licence","n","licence | license","ใบอนุญาต","","许可证","xǔkězhèng","n","permis","n","m","an official document that gives permission to own or do something","permit | certificate | authorisation","Drivers must carry their licence at all times. | Only licensed doctors can prescribe drugs.","driving licence | licence fee | licensed premises","","Government & Law","3","AWL","5","licence","","","","LI-cence","","","",""
"ministry","ministry","n","ministry","กระทรวง","","政府部门","zhèngfǔ bùmén","n","ministère","n","m","a government department led by a senior politician","department | office | bureau","The Ministry of Defence controls the bunker. | The health minister resigned last week.","Ministry of Health | government ministry | senior minister","minister (n) | ministerial (adj)","Government & Law","3","AWL","6","ministry","","","","MIN-is-try","","","",""
"parliament","parliament","n","parliament","รัฐสภา","","议会","yìhuì","n","parlement","n","m","the group of elected people who make the laws of a country","legislature | assembly | congress","Parliament passed the new law by a narrow margin. | Parliamentary debates are broadcast live.","member of parliament | parliamentary debate | dissolve parliament","parliamentary (adj)","Government & Law","3","Topic","","","","","parliment","PAR-lia-ment","","","",""
"policy","policy","n","policy","นโยบาย","","政策","zhèngcè","n","politique","n","f","a plan of action agreed by a government, party or business","plan | strategy | approach","The new housing policy aims to help first-time buyers. | Policy makers ignored the warnings.","government policy | foreign policy | policy makers","","Government & Law","3","AWL","1","policy","","","","POL-i-cy","","","",""
"prohibit","prohibit","v","prohibit","ห้าม","","禁止","jìnzhǐ","v","interdire","v","","to officially stop something from being done, especially by law","ban | forbid | outlaw","Smoking is prohibited in all public buildings. | The prohibition of alcohol in the United States failed.","strictly prohibited | prohibit the sale of | prohibited items","prohibition (n)","Government & Law","3","AWL","7","prohibit","","","","pro-HIB-it","Mobile phones are banned during the exam.","banned","prohibited",""
"referendum","referendum","n","referendum","การลงประชามติ","","全民公投","quánmín gōngtóu","n","référendum","n","m","a vote in which all the people of a country decide on a single political question","public vote | plebiscite | poll","The country held a referendum on independence. | Voters rejected the plan in a referendum.","hold a referendum | referendum result | national referendum","","Government & Law","3","Topic","","","","","","ref-er-EN-dum","","","",""
"reform","reform","n","reform","การปฏิรูป","","改革","gǎigé","n","réforme","n","f","a change that improves a system, law or organisation","improvement | change | reorganisation","The government promised reform of the prison system. | Parliament voted to reform the tax system.","political reform | economic reform | reform the system","reformer (n)","Government & Law","3","Topic","","","","","","re-FORM","","","",""
"regime","regime","n","regime","ระบอบการปกครอง","","政权","zhèngquán","n","régime","n","m","a government, especially one that rules strictly; also a set of rules or a routine","government | system | rule","The military regime banned opposition parties. | The new tax regime favours small firms.","military regime | authoritarian regime | tax regime","","Government & Law","3","AWL","4","regime","","","","re-GIME","","","",""
"regulate","regulate","v","regulate","กำกับดูแล","","监管","jiānguǎn","v","réglementer","v","","to control an activity or process with rules","control | govern | supervise","The government regulates the price of electricity. | Strict regulations govern the use of chemicals.","strictly regulated | safety regulations | regulatory body","regulation (n) | regulator (n) | regulatory (adj) | deregulate (v)","Government & Law","3","AWL","2","regulate","","","","REG-u-late","","","",""
"sanction","sanction","n","sanction","มาตรการคว่ำบาตร/การอนุมัติ","","制裁","zhìcái","n","sanction","n","f","an official order that limits trade with a country as a punishment; also official permission","penalty | embargo | approval","Economic sanctions were imposed on the regime. | The plan has the sanction of the ministry.","economic sanctions | impose sanctions | lift sanctions","","Government & Law","3","Topic","","","","","","SANC-tion","","","",""
"scrutiny","scrutiny","n","scrutiny","การตรวจสอบอย่างละเอียด","","审视","shěnshì","n","examen minutieux","n","m","careful and thorough examination","examination | inspection | review","The minister's spending came under close scrutiny. | Journalists scrutinised the new budget.","close scrutiny | public scrutiny | come under scrutiny","scrutinise (v)","Government & Law","3","Topic","","","","","","SCRU-ti-ny","","","",""
"sovereign","sovereign","adj","sovereign","มีอำนาจอธิปไตย","","主权","zhǔquán","adj","souverain","adj","","having the highest power in a country; also fully independent","independent | autonomous | self-governing","Every sovereign state controls its own borders. | The dispute concerns sovereignty over the islands.","sovereign state | national sovereignty | sovereign debt","sovereignty (n)","Government & Law","3","Topic","","","","","","SOV-er-eign","","","",""
"statute","statute","n","statute","บทบัญญัติกฎหมาย","","法规","fǎguī","n","texte de loi","n","m","a written law passed by a parliament","law | act | regulation","The right to vote is protected by statute. | Employers have a statutory duty to protect workers.","by statute | statutory duty | statute book","statutory (adj)","Government & Law","3","Topic","","","","","","STAT-ute","","","",""
"tax","tax","n","tax","ภาษี","","税收","shuìshōu","n","impôt","n","m","money that people and businesses must pay to the government","duty | levy | charge","The government raised taxes on tobacco. | Taxation pays for public services.","income tax | raise taxes | tax cuts","taxation (n) | taxpayer (n)","Government & Law","3","Topic","","","","","","TAX","","","",""
"treaty","treaty","n","treaty","สนธิสัญญา","","条约","tiáoyuē","n","traité","n","m","a formal written agreement between countries","agreement | pact | accord","The two nations signed a peace treaty. | The treaty bans the use of chemical weapons.","peace treaty | sign a treaty | international treaty","","Government & Law","3","Topic","","","","","","TREA-ty","","","",""
"verdict","verdict","n","verdict","คำตัดสิน","","裁决","cáijué","n","verdict","n","m","the decision of a court about whether someone is guilty","judgement | decision | ruling","The jury reached a verdict after two days. | The verdict was welcomed by the victims' families.","guilty verdict | reach a verdict | deliver a verdict","","Government & Law","3","Topic","","","","","","VER-dict","","","",""
"bribe","bribe","n","bribe","สินบน","","贿赂","huìlù","n","pot-de-vin","n","m","money or a gift offered to someone to make them act dishonestly","payment | inducement | kickback","The official accepted a bribe from the builder. | Bribery is common in some industries.","accept a bribe | offer a bribe | bribery scandal","bribery (n)","Crime & Security","3","Topic","","","","","","BRIBE","","","",""
"burglary","burglary","n","burglary","การย่องเบาลักทรัพย์","","入室盗窃","rùshì dàoqiè","n","cambriolage","n","m","the crime of entering a building without permission to steal things","break-in | theft | robbery","Burglary rates fall when streets are well lit. | The burglar escaped through a window.","commit a burglary | burglary rate | burglar alarm","burglar (n)","Crime & Security","3","Topic","","","","","","BUR-gla-ry","","","",""
"commit","commit","v","commit","ก่อ (ความผิด)/ให้คำมั่น","","犯下","fànxià","v","commettre","v","","to do something illegal or wrong; also to promise to support something","carry out | perpetrate | pledge","The crime was committed late at night. | The government has made a commitment to cut crime.","commit a crime | commit an offence | strong commitment","commitment (n)","Crime & Security","3","AWL","4","commit","","","","com-MIT","","","",""
"corruption","corruption","n","corruption","การทุจริตคอร์รัปชัน","","腐败","fǔbài","n","corruption","n","f","dishonest or illegal behaviour by people in power","bribery | dishonesty | fraud","Corruption among officials slows development. | Several corrupt police officers were dismissed.","tackle corruption | political corruption | corrupt officials","corrupt (adj)","Crime & Security","3","Topic","","","","","","cor-RUP-tion","","","",""
"custody","custody","n","custody","การควบคุมตัว/สิทธิ์ดูแลบุตร","","羁押","jīyā","n","garde à vue","n","f","the state of being kept in prison before a trial; also the legal right to care for a child","detention | care | guardianship","The suspect remains in police custody. | After the divorce, the mother was given custody of the children.","in custody | police custody | custodial sentence","custodial (adj)","Crime & Security","3","Topic","","","","","","CUS-to-dy","","","",""
"cybercrime","cybercrime","n","cybercrime","อาชญากรรมไซเบอร์","","网络犯罪","wǎngluò fànzuì","n","cybercriminalité","n","f","illegal activity carried out using computers or the internet","hacking | online fraud | computer crime","Cybercrime costs businesses billions every year. | Police have set up a special cybercrime unit.","tackle cybercrime | cybercrime unit | victims of cybercrime","","Crime & Security","3","Topic","","","","","","CY-ber-crime","","","",""
"detain","detain","v","detain","กักตัว","","扣留","kòuliú","v","détenir","v","","to officially keep someone in a place such as a prison","hold | arrest | imprison","Suspects can be detained for 24 hours without charge. | The detention centre is overcrowded.","detained by police | detention centre | detain without trial","detention (n) | detainee (n)","Crime & Security","3","Topic","","","","","","de-TAIN","Police held two men for questioning.","held","detained",""
"deter","deter","v","deter","ยับยั้งขัดขวาง","","威慑","wēishè","v","dissuader","v","","to stop someone from doing something by making them afraid of what will happen","discourage | prevent | dissuade","High fines deter people from dropping litter. | Security cameras act as a deterrent to thieves.","deter crime | act as a deterrent | nuclear deterrent","deterrent (n) | deterrence (n)","Crime & Security","3","Topic","","","","","","de-TER","Street lighting can discourage burglars.","discourage","deter",""
"forensic","forensic","adj","forensic","ทางนิติวิทยาศาสตร์","","法医","fǎyī","adj","médico-légal","adj","","using science to help solve crimes","scientific | investigative | legal","Forensic evidence linked the suspect to the crime. | Forensic scientists examined the scene.","forensic evidence | forensic science | forensic analysis","forensics (n)","Crime & Security","3","Topic","","","","","","fo-REN-sic","","","",""
"fraud","fraud","n","fraud","การฉ้อโกง","","欺诈","qīzhà","n","fraude","n","f","the crime of deceiving people to get money or goods","deception | cheating | scam","Online fraud costs consumers billions each year. | The company was accused of fraudulent accounting.","credit card fraud | commit fraud | fraudulent claims","fraudulent (adj) | fraudster (n)","Crime & Security","3","Topic","","","","","","FRAUD","","","",""
"investigate","investigate","v","investigate","สืบสวน","","侦查","zhēnchá","v","enquêter","v","","to examine the facts of a crime or problem to find out the truth","examine | inquire into | look into","Police are investigating the theft. | The investigation lasted two years.","investigate a crime | criminal investigation | under investigation","investigation (n) | investigator (n)","Crime & Security","3","AWL","4","investigate","","","","in-VES-ti-gate","Detectives are looking into the robbery.","looking into","investigating",""
"juvenile","juvenile","adj","juvenile","ผู้เยาว์","","未成年","wèichéngnián","adj","juvénile","adj","","relating to young people who are not yet adults, especially in law","young | adolescent | underage","Juvenile crime has fallen in the past decade. | Juvenile offenders are tried in special courts.","juvenile crime | juvenile court | juvenile delinquency","","Crime & Security","3","Topic","","","","","","JU-ve-nile","","","",""
"military","military","n/adj","military","ทางทหาร/กองทัพ","","军事","jūnshì","adj","militaire","adj","","relating to soldiers or the armed forces","armed forces | army | defence","The bunker was built for military use. | The military took control of the capital.","military service | military base | military action","","Crime & Security","3","AWL","9","military","","","","MIL-i-ta-ry","","","",""
"offender","offender","n","offender","ผู้กระทำผิด","","罪犯","zuìfàn","n","délinquant","n","m","a person who has committed a crime","criminal | lawbreaker | wrongdoer","Young offenders are often given community service. | Drink-driving is a serious offence.","young offenders | repeat offender | criminal offence","offend (v) | offence (n)","Crime & Security","3","Topic","","","","","","of-FEND-er","","","",""
"parole","parole","n","parole","การพักโทษ","","假释","jiǎshì","n","libération conditionnelle","n","f","the early release of a prisoner on condition that they behave well","conditional release | early release | licence","He was released on parole after five years. | The parole board refused her request.","on parole | parole board | eligible for parole","","Crime & Security","3","Topic","","","","","","pa-ROLE","","","",""
"penalty","penalty","n","penalty","บทลงโทษ","","处罚","chǔfá","n","peine","n","f","a punishment for breaking a law, rule or contract","punishment | fine | sanction","Penalties for dropping litter have increased. | Late payments are penalised with a fee.","death penalty | heavy penalty | impose a penalty","penalise (v)","Crime & Security","3","Topic","","","","","","PEN-al-ty","","","",""
"prosecute","prosecute","v","prosecute","ดำเนินคดี","","起诉","qǐsù","v","poursuivre en justice","v","","to officially accuse someone of a crime in a court","charge | take to court | try","Shoplifters will be prosecuted. | The prosecution presented new evidence.","prosecute offenders | face prosecution | public prosecutor","prosecution (n) | prosecutor (n)","Crime & Security","3","Topic","","","","persecute","","PROS-e-cute","Anyone caught stealing will be taken to court.","taken to court","prosecuted",""
"secure","secure","v/adj","secure","ปลอดภัย/ได้มาซึ่ง","","安全","ānquán","adj","sûr","adj","","safe and protected from harm or loss; also to get something after effort","safe | protected | obtain","Strong passwords keep online accounts secure. | Security at the airport has been tightened.","national security | job security | secure funding","security (n) | securely (adv) | insecure (adj) | insecurity (n)","Crime & Security","3","AWL","2","secure","","","","se-CURE","","","",""
"smuggle","smuggle","v","smuggle","ลักลอบขน","","走私","zǒusī","v","faire de la contrebande","v","","to take goods or people into or out of a country illegally","traffic | sneak | run","Gangs smuggle drugs across the border. | Wildlife smuggling threatens rare species.","smuggle drugs | people smuggling | smuggled goods","smuggler (n) | smuggling (n)","Crime & Security","3","Topic","","","","","","SMUG-gle","","","",""
"surveillance","surveillance","n","surveillance","การสอดแนม/เฝ้าระวัง","","监视","jiānshì","n","surveillance","n","f","the careful watching of people or places, often by police or cameras","monitoring | observation | watch","Surveillance cameras cover the whole station. | The suspect was kept under surveillance.","under surveillance | surveillance cameras | mass surveillance","","Crime & Security","3","Topic","","","","","","sur-VEIL-lance","","","",""
"terrorism","terrorism","n","terrorism","การก่อการร้าย","","恐怖主义","kǒngbù zhǔyì","n","terrorisme","n","m","the use of violence against ordinary people for political aims","violence | extremism | attacks","Governments cooperate to fight terrorism. | The terrorist attack killed twelve people.","fight terrorism | terrorist attack | act of terrorism","terrorist (n) | terror (n)","Crime & Security","3","Topic","","","","","","TER-ror-ism","","","",""
"vandalism","vandalism","n","vandalism","การทำลายทรัพย์สิน","","故意破坏","gùyì pòhuài","n","vandalisme","n","m","the crime of deliberately damaging public or private property","damage | destruction | graffiti","Vandalism of bus shelters costs the city thousands. | Vandals broke every window in the building.","acts of vandalism | mindless vandalism | vandalised property","vandal (n) | vandalise (v)","Crime & Security","3","Topic","","","","","","VAN-dal-ism","","","",""
"victim","victim","n","victim","เหยื่อ/ผู้เสียหาย","","受害者","shòuhàizhě","n","victime","n","f","a person who has been hurt, killed or cheated","casualty | sufferer | target","Victims of crime can receive compensation. | Older people are often victims of online scams.","crime victim | innocent victims | fall victim to","victimise (v)","Crime & Security","3","Topic","","","","","","VIC-tim","","","",""
"violate","violate","v","violate","ละเมิด","","违反","wéifǎn","v","enfreindre","v","","to break a law, an agreement or someone's rights","break | breach | infringe","The company violated safety laws. | Detention without trial is a violation of human rights.","violate the law | human rights violations | violate an agreement","violation (n)","Crime & Security","3","AWL","9","violate","","","","VI-o-late","","","",""
"bankrupt","bankrupt","adj","bankrupt","ล้มละลาย","","破产","pòchǎn","adj","en faillite","adj","","officially unable to pay your debts","insolvent | broke | ruined","The airline went bankrupt last year. | Bankruptcies rose during the recession.","go bankrupt | declare bankruptcy | bankrupt company","bankruptcy (n)","Work & Economy","3","Topic","","","","","","BANK-rupt","","","",""
"budget","budget","n","budget","งบประมาณ","","预算","yùsuàn","n","budget","n","m","the amount of money that a person, company or government plans to spend","allowance | funds | spending plan","The health budget was increased by five per cent. | Families on a tight budget cut spending on food.","tight budget | annual budget | budget deficit","budgetary (adj)","Work & Economy","3","Topic","","","","","","BUD-get","","","",""
"colleague","colleague","n","colleague","เพื่อนร่วมงาน","","同事","tóngshì","n","collègue","n","m/f","a person you work with","co-worker | associate | partner","She discussed the plan with her colleagues. | Colleagues described him as hard-working.","work colleague | former colleague | senior colleague","","Work & Economy","3","AWL","10","colleague","","","collegue","COL-league","","","",""
"commodity","commodity","n","commodity","สินค้าโภคภัณฑ์","","大宗商品","dàzōng shāngpǐn","n","matière première","n","f","a product that can be bought and sold, especially a raw material such as oil or grain","product | goods | raw material","Oil is the world's most traded commodity. | Commodity prices fell sharply last year.","commodity prices | valuable commodity | basic commodities","","Work & Economy","3","AWL","8","commodity","","","","com-MOD-i-ty","","","",""
"compensate","compensate","v","compensate","ชดเชย","","赔偿","péicháng","v","indemniser","v","","to pay someone because they have suffered loss or harm; also to reduce a bad effect","repay | reimburse | make up for","Victims were compensated for their losses. | Nothing can compensate for the loss of a home.","compensate for | claim compensation | financial compensation","compensation (n)","Work & Economy","3","AWL","3","compensate","","","","COM-pen-sate","","","",""
"consume","consume","v","consume","บริโภค","","消费","xiāofèi","v","consommer","v","","to use goods, energy or food; also to buy goods and services","use | eat | use up","Rich countries consume most of the world's energy. | Consumer spending fell sharply.","consumer goods | energy consumption | consume resources","consumer (n) | consumption (n)","Work & Economy","3","AWL","2","consume","","","","con-SUME","","","",""
"contract","contract","n","contract","สัญญา","","合同","hétong","n","contrat","n","m","a legal written agreement between people or companies","agreement | deal | arrangement","Workers on short-term contracts have little job security. | The building contractor went out of business.","sign a contract | short-term contract | breach of contract","contractor (n) | contractual (adj)","Work & Economy","3","AWL","1","contract","","","","CON-tract","","","",""
"corporate","corporate","adj","corporate","ของบริษัท/องค์กร","","企业","qǐyè","adj","d'entreprise","adj","","relating to large companies","business | company | commercial","Corporate taxes are lower in some countries. | Large corporations have great political influence.","corporate tax | corporate responsibility | multinational corporation","corporation (n)","Work & Economy","3","AWL","3","corporate","","","","COR-po-rate","","","",""
"credit","credit","n","credit","สินเชื่อ/ความดีความชอบ","","信贷","xìndài","n","crédit","n","m","money borrowed from a bank or shop, to be paid back later; also praise for an achievement","loan | borrowing | praise","Easy credit encouraged people to spend beyond their means. | She was given credit for the discovery.","credit card | on credit | take credit for","creditor (n)","Work & Economy","3","AWL","2","credit","","","","CRED-it","","","",""
"currency","currency","n","currency","สกุลเงิน","","货币","huòbì","n","monnaie","n","f","the money used in a particular country","money | cash | legal tender","The euro is the currency of many European countries. | The local currency lost half its value.","foreign currency | single currency | currency exchange","","Work & Economy","3","AWL","8","currency","","","","CUR-ren-cy","","","",""
"debt","debt","n","debt","หนี้สิน","","债务","zhàiwù","n","dette","n","f","money that you owe to someone","loan | liability | arrears","Many students leave university with large debts. | Government debt has doubled in ten years.","in debt | pay off a debt | national debt","debtor (n)","Work & Economy","3","Topic","","","","","","DEBT","","","",""
"distribute","distribute","v","distribute","แจกจ่าย/กระจาย","","分发","fēnfā","v","distribuer","v","","to share things among a group, or to spread them over an area","share out | hand out | spread","Food was distributed to families in the shelter. | The distribution of wealth is highly unequal.","distribute food | evenly distributed | distribution of wealth","distribution (n) | distributor (n)","Work & Economy","3","AWL","1","distribute","","","","dis-TRIB-ute","","","",""
"economy","economy","n","economy","เศรษฐกิจ","","经济","jīngjì","n","économie","n","f","the system by which a country produces, buys and sells goods and services","financial system | market | wealth","Tourism is vital to the local economy. | Economists expect growth to slow next year.","global economy | economic growth | economic crisis","economic (adj) | economics (n) | economist (n) | economical (adj)","Work & Economy","3","AWL","1","economy","","","","e-CON-o-my","","","",""
"employ","employ","v","employ","ว่าจ้าง","","雇用","gùyòng","v","employer","v","","to pay someone to work for you; also to use a method","hire | engage | use","The factory employs 500 local people. | Unemployment rose sharply during the recession.","employ staff | full employment | unemployment rate","employment (n) | employer (n) | employee (n) | unemployment (n) | unemployed (adj)","Work & Economy","3","Topic","","","","","","em-PLOY","","","",""
"entrepreneur","entrepreneur","n","entrepreneur","ผู้ประกอบการ","","企业家","qǐyèjiā","n","entrepreneur","n","m","a person who starts their own business, often taking financial risks","businessperson | founder | industrialist","Young entrepreneurs can apply for start-up loans. | The course teaches entrepreneurial skills.","young entrepreneur | successful entrepreneur | entrepreneurial spirit","entrepreneurial (adj) | entrepreneurship (n)","Work & Economy","3","Topic","","","","","entrepeneur","en-tre-pre-NEUR","","","",""
"export","export","v","export","ส่งออก","","出口","chūkǒu","v","exporter","v","","to sell goods to another country","sell abroad | ship | trade","The country exports rice and rubber. | Oil exports make up half of national income.","export goods | export market | major exporter","exporter (n)","Work & Economy","3","AWL","1","export","","import","","ex-PORT","","","",""
"fee","fee","n","fee","ค่าธรรมเนียม","","费用","fèiyòng","n","frais","n","m","money paid for a professional service or for the right to do something","charge | payment | cost","University fees have risen sharply. | Lawyers often charge high fees.","tuition fees | entrance fee | legal fees","","Work & Economy","3","AWL","6","fee","","","","FEE","","","",""
"finance","finance","n","finance","การเงิน","","金融","jīnróng","n","finance","n","f","the management of money, especially by governments or large companies","money | funding | economics","The minister of finance announced tax cuts. | Many students face financial difficulties.","public finance | financial crisis | financially independent","financial (adj) | financially (adv)","Work & Economy","3","AWL","1","finance","","","","FI-nance","","","",""
"fund","fund","n/v","fund","กองทุน/ให้ทุน","","基金","jījīn","n","fonds","n","m","an amount of money saved or collected for a purpose; also to provide money for something","finance | money | sponsor","The project is funded by the government. | Funding for public libraries has been cut.","raise funds | public funding | pension fund","funding (n)","Work & Economy","3","AWL","3","fund","","","","FUND","","","",""
"incentive","incentive","n","incentive","สิ่งจูงใจ","","激励","jīlì","n","incitation","n","f","something that encourages people to do something","motivation | encouragement | reward","Tax incentives encourage companies to invest in research. | Workers have little incentive to stay late.","tax incentive | financial incentive | incentive to","","Work & Economy","3","AWL","6","incentive","","","","in-CEN-tive","","","",""
"income","income","n","income","รายได้","","收入","shōurù","n","revenu","n","m","money that a person or organisation receives, especially from work","earnings | pay | wages","Low-income families struggle to pay rent. | Income tax rose by two per cent.","low income | income tax | household income","","Work & Economy","3","AWL","1","income","","","","IN-come","","","",""
"industry","industry","n","industry","อุตสาหกรรม","","工业","gōngyè","n","industrie","n","f","the production of goods in factories; also all the businesses of one type","manufacturing | production | business","The steel industry once employed thousands in the town. | Industrial pollution damaged the river.","manufacturing industry | tourism industry | industrial pollution","industrial (adj) | industrialise (v) | industrialisation (n)","Work & Economy","3","Topic","","","","","","IN-dus-try","","","",""
"inflation","inflation","n","inflation","ภาวะเงินเฟ้อ","","通货膨胀","tōnghuò péngzhàng","n","inflation","n","f","a general rise in prices over time, which reduces the value of money","price rises | rising costs | devaluation","Inflation reached ten per cent last year. | Rising wages can be inflationary.","high inflation | rate of inflation | control inflation","inflate (v) | inflationary (adj)","Work & Economy","3","Topic","","","","","","in-FLA-tion","","","",""
"invest","invest","v","invest","ลงทุน","","投资","tóuzī","v","investir","v","","to put money into a business or property to make a profit","fund | finance | put money into","The company invested heavily in new technology. | Foreign investment has fallen.","invest in | foreign investment | return on investment","investment (n) | investor (n)","Work & Economy","3","AWL","2","invest","","","","in-VEST","","","",""
"job","job","n","job","งานประจำ/อาชีพ","","工作","gōngzuò","n","emploi","n","m","the regular paid work that a person does","employment | occupation | position","Automation threatens millions of jobs. | The jobless rate rose to eight per cent.","job security | job market | full-time job","jobless (adj)","Work & Economy","3","AWL","4","job","","","","JOB","","","",""
"labour","labour","n","labour | labor","แรงงาน","","劳动力","láodònglì","n","travail","n","m","workers as a group, or hard physical work","work | workforce | effort","The factory relies on cheap labour. | There is a shortage of skilled labour.","cheap labour | labour market | manual labour","laborious (adj)","Work & Economy","3","AWL","1","labour","","","","LA-bour","","","",""
"manufacture","manufacture","v","manufacture","ผลิตในโรงงาน","","制造","zhìzào","v","fabriquer","v","","to make goods in large numbers in a factory","produce | make | assemble","The company manufactures medical equipment. | Manufacturing jobs have moved overseas.","manufactured goods | car manufacturer | manufacturing jobs","manufacturer (n) | manufacturing (n)","Work & Economy","3","Topic","","","","","","man-u-FAC-ture","","","",""
"monopoly","monopoly","n","monopoly","การผูกขาด","","垄断","lǒngduàn","n","monopole","n","m","complete control of a market by one company","control | domination | exclusive rights","The state has a monopoly on rail services. | One firm monopolises the local market.","have a monopoly | state monopoly | break a monopoly","monopolise (v)","Work & Economy","3","Topic","","","","","","mo-NOP-o-ly","","","",""
"output","output","n","output","ผลผลิต","","产量","chǎnliàng","n","production","n","f","the amount of goods or work produced","production | yield | product","Factory output fell by ten per cent. | Economic output has recovered since the crisis.","industrial output | economic output | increase output","","Work & Economy","3","AWL","4","output","","","","OUT-put","","","",""
"outsource","outsource","v","outsource","จ้างบุคคลภายนอก","","外包","wàibāo","v","sous-traiter","v","","to pay another company to do work instead of doing it yourself","contract out | subcontract | delegate","Many firms outsource their customer service abroad. | Outsourcing has cut costs but also cut jobs.","outsource jobs | outsourced work | outsourcing company","outsourcing (n)","Work & Economy","3","Topic","","","","","","out-SOURCE","","","",""
"pension","pension","n","pension","เงินบำนาญ","","养老金","yǎnglǎojīn","n","retraite","n","f","money paid regularly to someone who has stopped working because of old age","retirement income | allowance | benefit","Many workers do not save enough for their pension. | Pensioners receive free bus travel.","state pension | pension scheme | retire on a pension","pensioner (n)","Work & Economy","3","Topic","","","","","","PEN-sion","","","",""
"professional","professional","adj","professional","มืออาชีพ","","专业","zhuānyè","adj","professionnel","adj","","relating to a job that needs special training; also doing something as a paid job","expert | qualified | skilled","Doctors and lawyers are highly trained professionals. | Teaching is a demanding profession.","professional advice | medical profession | young professionals","profession (n) | professionally (adv)","Work & Economy","3","AWL","4","professional","","","","pro-FES-sion-al","","","",""
"profit","profit","n","profit","กำไร","","利润","lìrùn","n","bénéfice","n","m","money gained from a business after costs have been paid","gain | earnings | return","The company made a profit of two million pounds. | Small farms are rarely profitable.","make a profit | profit margin | highly profitable","profitable (adj) | profitability (n)","Work & Economy","3","Topic","","","","","","PROF-it","","","",""
"purchase","purchase","v","purchase","ซื้อ","","购买","gòumǎi","v","acheter","v","","to buy something","buy | acquire | procure","Many shoppers now purchase groceries online. | Big purchases such as cars are often made on credit.","make a purchase | purchase price | purchasing power","purchaser (n)","Work & Economy","3","AWL","2","purchase","","","","PUR-chase","Tickets can be bought at the station.","bought","purchased",""
"recession","recession","n","recession","ภาวะเศรษฐกิจถดถอย","","经济衰退","jīngjì shuāituì","n","récession","n","f","a period when a country's trade and industry do badly and many people lose jobs","downturn | slump | depression","The country fell into recession in 2008. | Many businesses closed during the recession.","deep recession | economic recession | go into recession","","Work & Economy","3","Topic","","","","","","re-CES-sion","","","",""
"recruit","recruit","v","recruit","สรรหาบุคลากร","","招聘","zhāopìn","v","recruter","v","","to find new people to join a company or organisation","hire | employ | enlist","Hospitals are struggling to recruit nurses. | The company has frozen recruitment.","recruit staff | recruitment drive | newly recruited","recruitment (n)","Work & Economy","3","Topic","","","","","","re-CRUIT","The firm plans to hire fifty new engineers.","hire","recruit",""
"redundant","redundant","adj","redundant","ถูกเลิกจ้าง/ไม่จำเป็นแล้ว","","被裁员","bèi cáiyuán","adj","licencié","adj","","having lost your job because the employer no longer needs you; also no longer needed","laid off | unemployed | unnecessary","Three hundred workers were made redundant. | Redundancy payments depend on length of service.","made redundant | redundancy pay | voluntary redundancy","redundancy (n)","Work & Economy","3","Topic","","","","","","re-DUN-dant","","","",""
"retail","retail","n","retail","การค้าปลีก","","零售","língshòu","n","commerce de détail","n","m","the sale of goods to the public in shops or online","selling | trade | commerce","Online shopping has hit high-street retail. | Large retailers dominate the market.","retail sector | retail sales | online retailer","retailer (n)","Work & Economy","3","Topic","","","","","","RE-tail","","","",""
"revenue","revenue","n","revenue","รายรับ","","营收","yíngshōu","n","recettes","n","f","money that a government or company receives, especially from taxes or sales","income | earnings | receipts","Tax revenue fell during the recession. | Advertising revenue has shifted online.","tax revenue | advertising revenue | generate revenue","","Work & Economy","3","AWL","5","revenue","","","","REV-e-nue","","","",""
"salary","salary","n","salary","เงินเดือน","","薪水","xīnshuǐ","n","salaire","n","m","a fixed amount of money that an employee is paid each year, usually monthly","pay | earnings | income","Doctors earn high salaries. | The job offers a starting salary of thirty thousand pounds.","annual salary | starting salary | salary increase","","Work & Economy","3","Topic","","","","wage","","SAL-a-ry","","","",""
"sector","sector","n","sector","ภาคส่วน","","行业","hángyè","n","secteur","n","m","one part of a country's economy, or one area of activity","industry | branch | area","The public sector employs a fifth of the workforce. | Jobs in the service sector are growing.","public sector | private sector | service sector","","Work & Economy","3","AWL","1","sector","","","","SEC-tor","","","",""
"shareholder","shareholder","n","shareholder","ผู้ถือหุ้น","","股东","gǔdōng","n","actionnaire","n","m/f","a person who owns part of a company","stockholder | investor | owner","Shareholders voted against the merger. | Profits are paid out to shareholders.","major shareholder | shareholder meeting | shareholder value","","Work & Economy","3","Topic","","","","","","SHARE-hold-er","","","",""
"subsidy","subsidy","n","subsidy","เงินอุดหนุน","","补贴","bǔtiē","n","subvention","n","f","money that a government pays to reduce the cost of a product or service","grant | support | funding","Farm subsidies cost taxpayers billions. | Public transport is heavily subsidised.","government subsidy | farm subsidies | heavily subsidised","subsidise (v)","Work & Economy","3","AWL","6","subsidy","","","","SUB-si-dy","","","",""
"tariff","tariff","n","tariff","ภาษีศุลกากร","","关税","guānshuì","n","droit de douane","n","m","a tax on goods coming into or leaving a country","duty | tax | levy","The government raised tariffs on imported steel. | Tariffs make foreign goods more expensive.","import tariffs | impose tariffs | trade tariffs","","Work & Economy","3","Topic","","","","","","TAR-iff","","","",""
"wage","wage","n","wage","ค่าจ้าง","","工资","gōngzī","n","paie","n","f","money paid to a worker, usually for each hour, day or week","pay | earnings | salary","The minimum wage rose again this year. | Wages have not kept up with prices.","minimum wage | living wage | wage increase","","Work & Economy","3","Topic","","","","salary","","WAGE","","","",""
"amenity","amenity","n","amenity","สิ่งอำนวยความสะดวก","","便利设施","biànlì shèshī","n","équipement","n","m","a building or service that makes life in a place pleasant, such as a park or library","facility | service | convenience","The estate lacks basic amenities such as shops. | Local amenities include a pool and a cinema.","local amenities | basic amenities | public amenities","","Urban Life & Transport","3","Topic","","","","","","a-MEN-i-ty","","","",""
"commute","commute","v","commute","เดินทางไปทำงานประจำ","","通勤","tōngqín","v","faire la navette","v","","to travel regularly between home and work","travel | journey | shuttle","Many people commute more than an hour each way. | Commuters face delays on the trains.","daily commute | commute to work | commuter train","commuter (n)","Urban Life & Transport","3","Topic","","","","","","com-MUTE","","","",""
"congestion","congestion","n","congestion","ความแออัดของการจราจร","","拥堵","yōngdǔ","n","embouteillage","n","m","a situation in which a place is too crowded with vehicles or people","traffic jams | crowding | gridlock","Traffic congestion costs the economy billions. | The roads are heavily congested at rush hour.","traffic congestion | congestion charge | heavily congested","congested (adj)","Urban Life & Transport","3","Topic","","","","","","con-GES-tion","","","",""
"construct","construct","v","construct","ก่อสร้าง/สร้างขึ้น","","建造","jiànzào","v","construire","v","","to build something such as a road or building; also to form an idea or argument","build | erect | assemble","A new bridge is being constructed over the river. | The construction industry employs millions.","construct a building | under construction | constructive criticism","construction (n) | constructive (adj)","Urban Life & Transport","3","AWL","2","construct","","","","con-STRUCT","The city plans to build three new bridges.","build","construct",""
"estate","estate","n","estate","ที่ดิน/อสังหาริมทรัพย์","","地产","dìchǎn","n","propriété","n","f","a large area of land with houses or factories built on it; also everything a person owns","property | land | development","She grew up on a housing estate on the edge of the city. | The price of real estate has doubled.","housing estate | real estate | industrial estate","","Urban Life & Transport","3","AWL","6","estate","","","","es-TATE","","","",""
"fare","fare","n","fare","ค่าโดยสาร","","车费","chēfèi","n","tarif","n","m","the money you pay to travel by bus, train, plane or taxi","ticket price | charge | cost","Bus fares will rise by five per cent. | Cheap fares encourage people to leave the car at home.","bus fare | train fare | fare increase","","Urban Life & Transport","3","Topic","","","","fair","","FARE","","","",""
"freight","freight","n","freight","การขนส่งสินค้า","","货运","huòyùn","n","fret","n","m","goods carried by trains, ships, lorries or aircraft","cargo | goods | shipment","Most freight is moved by road. | Rail freight produces less carbon than lorries.","freight train | air freight | freight transport","","Urban Life & Transport","3","Topic","","","","","","FREIGHT","","","",""
"gentrify","gentrify","v","gentrify","ปรับปรุงย่านจนคนรายได้น้อยต้องย้ายออก","","绅士化","shēnshìhuà","v","gentrifier","v","","to change a poor area so that richer people move in and prices rise","redevelop | upgrade | renovate","The old docks have been gentrified. | Gentrification has pushed many families out of the area.","rapidly gentrified | process of gentrification | gentrifying neighbourhood","gentrification (n)","Urban Life & Transport","3","Topic","","","","","","GEN-tri-fy","","","","zh"
"highway","highway","n","highway","ทางหลวง","","公路","gōnglù","n","route nationale","n","f","a main road, especially one connecting towns","motorway | main road | expressway","The new highway links the port with the capital. | Highway maintenance is expensive.","major highway | highway code | highway construction","","Urban Life & Transport","3","Topic","","","","","","HIGH-way","","","",""
"housing","housing","n","housing","ที่อยู่อาศัย","","住房","zhùfáng","n","logement","n","m","houses and flats for people to live in, considered as a whole","homes | accommodation | dwellings","There is a shortage of affordable housing. | Housing costs have risen faster than wages.","affordable housing | social housing | housing market","","Urban Life & Transport","3","Topic","","","","","","HOUS-ing","","","",""
"infrastructure","infrastructure","n","infrastructure","โครงสร้างพื้นฐาน","","基础设施","jīchǔ shèshī","n","infrastructure","n","f","the basic systems a country or city needs, such as roads, power and water supplies","facilities | services | framework","Investment in infrastructure creates jobs. | The storm damaged roads and other infrastructure.","transport infrastructure | invest in infrastructure | public infrastructure","","Urban Life & Transport","3","AWL","8","infrastructure","","","","IN-fra-struc-ture","","","",""
"landmark","landmark","n","landmark","สถานที่สำคัญ/จุดสังเกต","","地标","dìbiāo","n","point de repère","n","m","a building or place that is easy to recognise; also an important event or change","monument | feature | milestone","The tower is the city's best-known landmark. | The court's decision was a landmark ruling.","famous landmark | landmark building | landmark decision","","Urban Life & Transport","3","Topic","","","","","","LAND-mark","","","",""
"metropolis","metropolis","n","metropolis","มหานคร","","大都市","dàdūshì","n","métropole","n","f","a very large city, often the most important in a country","city | capital | conurbation","Tokyo is one of the largest metropolises in the world. | The metropolitan area has ten million people.","bustling metropolis | metropolitan area | modern metropolis","metropolitan (adj)","Urban Life & Transport","3","Topic","","","","","","me-TROP-o-lis","","","",""
"overcrowded","overcrowded","adj","overcrowded","แออัดยัดเยียด","","过度拥挤","guòdù yōngjǐ","adj","surpeuplé","adj","","containing too many people or things","crowded | packed | congested","Many prisons are overcrowded. | Overcrowding on trains is a daily problem.","overcrowded prisons | overcrowded housing | severely overcrowded","overcrowding (n)","Urban Life & Transport","3","Topic","","","","","","o-ver-CROWD-ed","The camp was far too crowded.","far too crowded","overcrowded",""
"pedestrian","pedestrian","n","pedestrian","คนเดินเท้า","","行人","xíngrén","n","piéton","n","m","a person who is walking, especially in a street","walker | passer-by | foot traveller","The city centre has been pedestrianised. | Pedestrians are at risk on busy roads.","pedestrian crossing | pedestrian zone | pedestrian safety","pedestrianise (v)","Urban Life & Transport","3","Topic","","","","","","pe-DES-tri-an","","","",""
"reside","reside","v","reside","พำนักอาศัย","","居住","jūzhù","v","résider","v","","to live in a particular place","live | dwell | stay","Most of the population resides in cities. | Residents complained about traffic noise.","local residents | residential area | place of residence","resident (n) | residence (n) | residential (adj)","Urban Life & Transport","3","AWL","2","reside","","","","re-SIDE","Over half the population lives in the capital.","lives","resides",""
"route","route","n","route","เส้นทาง","","路线","lùxiàn","n","itinéraire","n","m","a way from one place to another","path | way | course","The bus route passes the hospital. | Ancient trade routes connected Asia and Europe.","bus route | escape route | trade route","","Urban Life & Transport","3","AWL","9","route","","","","ROUTE","","","",""
"site","site","n","site","สถานที่/ที่ตั้ง","","地点","dìdiǎn","n","site","n","m","a place where something is, was or will be built; also a website","location | place | plot","The site of the new hospital has been chosen. | Building sites can be dangerous places.","building site | construction site | heritage site","","Urban Life & Transport","3","AWL","2","site","","cite | sight","","SITE","","","",""
"skyscraper","skyscraper","n","skyscraper","ตึกระฟ้า","","摩天大楼","mótiān dàlóu","n","gratte-ciel","n","m","a very tall modern building in a city","tower | high-rise | tower block","The city skyline is dominated by skyscrapers. | The new skyscraper has eighty floors.","glass skyscraper | tallest skyscraper | skyscraper district","","Urban Life & Transport","3","Topic","","","","","","SKY-scra-per","","","",""
"sprawl","sprawl","n","sprawl","การขยายตัวของเมืองอย่างไร้ระเบียบ","","城市扩张","chéngshì kuòzhāng","n","étalement urbain","n","m","the spread of a city into the countryside in an unplanned way","spread | expansion | growth","Urban sprawl destroys farmland. | The city has sprawled for miles in every direction.","urban sprawl | suburban sprawl | sprawling city","","Urban Life & Transport","3","Topic","","","","","","SPRAWL","","","",""
"suburb","suburb","n","suburb","ชานเมือง","","郊区","jiāoqū","n","banlieue","n","f","an area where people live on the edge of a city","outskirts | residential area | commuter belt","Many families move to the suburbs for more space. | Suburban life often depends on the car.","leafy suburb | suburban areas | outer suburbs","suburban (adj)","Urban Life & Transport","3","Topic","","","","","","SUB-urb","","","",""
"toll","toll","n","toll","ค่าผ่านทาง/ยอดความสูญเสีย","","通行费","tōngxíngfèi","n","péage","n","m","money paid to use a road or bridge; also the number of people killed in a disaster","charge | fee | death count","Drivers pay a toll to cross the bridge. | The death toll from the earthquake has risen.","toll road | death toll | take a toll","","Urban Life & Transport","3","Topic","","","","","","TOLL","","","",""
"traffic","traffic","n","traffic","การจราจร","","交通","jiāotōng","n","circulation","n","f","the vehicles moving along a road at a particular time","vehicles | cars | congestion","Traffic in the city centre is heavy at rush hour. | Air traffic has doubled since 2000.","heavy traffic | traffic jam | traffic lights","","Urban Life & Transport","3","Topic","","","","","","TRAF-fic","","","",""
"transit","transit","n","transit","การขนส่ง/การเปลี่ยนผ่าน","","转运","zhuǎnyùn","n","transit","n","m","the moving of people or goods from one place to another","transport | movement | passage","Goods were damaged in transit. | Mass transit systems reduce congestion.","in transit | mass transit | smooth transition","transition (n) | transitional (adj)","Urban Life & Transport","3","AWL","5","transit","","","","TRAN-sit","","","",""
"transport","transport","n","transport","การคมนาคมขนส่ง","","运输","yùnshū","n","transport","n","m","vehicles such as buses and trains, or the moving of people and goods","transit | travel | shipping","Public transport in the city is cheap and reliable. | Most goods are transported by road.","public transport | transport links | means of transport","transportation (n)","Urban Life & Transport","3","AWL","6","transport","","","","TRANS-port","","","",""
"urbanise","urbanise","v","urbanise | urbanize","กลายเป็นเมือง","","城市化","chéngshìhuà","v","urbaniser","v","","to change a country area into one with towns and cities","develop | build up | industrialise","The region has urbanised rapidly. | Rapid urbanisation puts pressure on housing.","rapid urbanisation | urban areas | highly urbanised","urban (adj) | urbanisation (n)","Urban Life & Transport","3","Topic","","","","","","UR-ban-ise","","","",""
"vehicle","vehicle","n","vehicle","ยานพาหนะ","","车辆","chēliàng","n","véhicule","n","m","a machine such as a car, bus or lorry that carries people or goods","car | conveyance | means of transport","Electric vehicles are becoming cheaper. | Heavy vehicles are banned from the city centre.","electric vehicle | motor vehicle | heavy vehicles","","Urban Life & Transport","3","AWL","8","vehicle","","","vehical","VE-hi-cle","","","",""
